,AM_IND,BLACK,HISP,ASIAN,WHITE,Multi,county,demographic
ALBANY AM_IND,1.9694156950001394,1.4545629724945586,1.0099975611260452,1.0845926961926478,0.8088886856886827,0.9291311831934003,ALBANY,AM_IND
ALBANY BLACK,1.4545629724945586,2.3673686496550763,1.488697874217871,0.7522709487421565,0.41944890718293887,0.9866763102888454,ALBANY,BLACK
ALBANY HISP,1.0099975611260452,1.4886978742178703,1.4415555850338344,0.9265878380411472,0.7233046744232422,1.1099524879628373,ALBANY,HISP
ALBANY ASIAN,1.084592696192648,0.7522709487421566,0.926587838041147,1.4726425539671353,1.0196323065837956,0.9844492383989711,ALBANY,ASIAN
ALBANY WHITE,0.8088886856886827,0.4194489071829388,0.7233046744232421,1.0196323065837958,1.282418557549055,0.9606141049516084,ALBANY,WHITE
ALBANY Multi,0.9291311831934002,0.9866763102888455,1.109952487962837,0.9844492383989712,0.9606141049516084,1.2195483620852694,ALBANY,Multi
ALLEGANY AM_IND,3.006435171963028,1.5491270172524085,0.7831142080008315,0.9800172949176795,1.0022744843557447,0.40165702554043636,ALLEGANY,AM_IND
ALLEGANY BLACK,1.5491270172524085,1.4789642229244357,0.9245588790540334,0.9214540787089479,0.9981258625509762,0.799567703940001,ALLEGANY,BLACK
ALLEGANY HISP,0.7831142080008316,0.9245588790540336,1.6708202864099477,1.4694995987013417,0.9837954563561745,0.9627694093593625,ALLEGANY,HISP
ALLEGANY ASIAN,0.9800172949176796,0.9214540787089479,1.4694995987013417,2.1576013127651223,0.9807813305852519,1.0067757498438827,ALLEGANY,ASIAN
ALLEGANY WHITE,1.0022744843557445,0.9981258625509764,0.9837954563561743,0.9807813305852517,1.0005854727448795,0.99634423978615,ALLEGANY,WHITE
ALLEGANY Multi,0.40165702554043636,0.7995677039400009,0.9627694093593624,1.0067757498438827,0.9963442397861499,1.534753132494632,ALLEGANY,Multi
BROOME AM_IND,3.905532227304209,0.961126221833861,0.9303282872533779,0.8558179090489524,1.0052102068402566,1.0706754117989423,BROOME,AM_IND
BROOME BLACK,0.9611262218338611,2.254285663955685,1.7172919501002646,1.077473573966524,0.706270140051831,1.49266052388057,BROOME,BLACK
BROOME HISP,0.9303282872533781,1.7172919501002644,1.5230903585693913,1.0507641091270221,0.8107127983089473,1.3675061426434205,BROOME,HISP
BROOME ASIAN,0.8558179090489524,1.0774735739665238,1.0507641091270221,2.8318032897885774,0.879681260065983,1.0717641813165635,BROOME,ASIAN
BROOME WHITE,1.0052102068402562,0.7062701400518308,0.8107127983089472,0.8796812600659829,1.079515223318707,0.8561157357486051,BROOME,WHITE
BROOME Multi,1.070675411798942,1.4926605238805697,1.367506142643421,1.0717641813165633,0.8561157357486051,1.355322097142392,BROOME,Multi
CATTARAUGUS AM_IND,4.344790873934574,0.43343614337395536,1.7497537343336336,0.4000871739420003,0.677731006284677,1.7786241490114758,CATTARAUGUS,AM_IND
CATTARAUGUS BLACK,0.43343614337395536,3.187332132210256,1.247696405247045,1.8555467939246135,0.981454256969284,1.1861159351490105,CATTARAUGUS,BLACK
CATTARAUGUS HISP,1.7497537343336338,1.247696405247045,1.3553737605144835,1.0309424938212368,0.9056301245571724,1.2955713364142565,CATTARAUGUS,HISP
CATTARAUGUS ASIAN,0.4000871739420003,1.855546793924613,1.0309424938212366,1.8935571626991883,1.0188410983605716,1.071624266689459,CATTARAUGUS,ASIAN
CATTARAUGUS WHITE,0.6777310062846769,0.9814542569692839,0.9056301245571723,1.0188410983605716,1.035909276719833,0.88600861846218,CATTARAUGUS,WHITE
CATTARAUGUS Multi,1.778624149011476,1.1861159351490107,1.2955713364142565,1.071624266689459,0.8860086184621802,1.6006291918568387,CATTARAUGUS,Multi
CAYUGA AM_IND,3.3713205641468065,0.6699944558095506,1.117076808505439,0.9595520448352414,1.0166689731100813,0.8238992292258814,CAYUGA,AM_IND
CAYUGA BLACK,0.6699944558095506,2.315551888009718,1.183887424302474,1.1543690417802186,0.8681126361253645,1.7445324115454985,CAYUGA,BLACK
CAYUGA HISP,1.1170768085054392,1.1838874243024742,1.3343733849179833,1.0617003621863237,0.9612060211720805,1.1032422733289908,CAYUGA,HISP
CAYUGA ASIAN,0.9595520448352414,1.1543690417802184,1.0617003621863237,1.4470082323001758,0.9835021063636252,1.036084674926327,CAYUGA,ASIAN
CAYUGA WHITE,1.0166689731100815,0.8681126361253647,0.9612060211720805,0.9835021063636253,1.0156636797823013,0.9130517166689801,CAYUGA,WHITE
CAYUGA Multi,0.8238992292258814,1.7445324115454983,1.103242273328991,1.0360846749263273,0.9130517166689803,1.5643248257182363,CAYUGA,Multi
CHAUTAUQUA AM_IND,9.349747627962852,0.5044645013124196,0.6281998042795692,0.5057508337690345,0.9764431760894994,1.3349854930333136,CHAUTAUQUA,AM_IND
CHAUTAUQUA BLACK,0.5044645013124197,1.7841016819152578,1.6396400444540016,0.7191130151710575,0.8304925904060352,1.2043650130667158,CHAUTAUQUA,BLACK
CHAUTAUQUA HISP,0.6281998042795693,1.6396400444540016,2.076630686880485,0.6932362740095043,0.7363586629173938,1.1681900251011261,CHAUTAUQUA,HISP
CHAUTAUQUA ASIAN,0.5057508337690344,0.7191130151710574,0.6932362740095043,2.508352589527145,1.074145767641409,0.9571161107181546,CHAUTAUQUA,ASIAN
CHAUTAUQUA WHITE,0.9764431760894994,0.8304925904060352,0.7363586629173937,1.074145767641409,1.0691330250148865,0.9176361768418255,CHAUTAUQUA,WHITE
CHAUTAUQUA Multi,1.3349854930333138,1.204365013066716,1.1681900251011261,0.9571161107181546,0.9176361768418254,1.5086165276298475,CHAUTAUQUA,Multi
CHEMUNG AM_IND,2.216848689400891,1.200721578948479,1.1450538688741116,0.834561657743867,0.9432867310506879,1.2516036276097935,CHEMUNG,AM_IND
CHEMUNG BLACK,1.2007215789484789,1.5873614390867907,1.0535528105417036,0.4732497262059089,0.9128226619643761,1.2823573047256154,CHEMUNG,BLACK
CHEMUNG HISP,1.1450538688741116,1.053552810541704,1.1270584120818892,1.0621700000773615,0.9804267172943346,1.0557177343773805,CHEMUNG,HISP
CHEMUNG ASIAN,0.834561657743867,0.4732497262059088,1.0621700000773613,2.276845879598178,1.072991017140792,0.6287493696699277,CHEMUNG,ASIAN
CHEMUNG WHITE,0.9432867310506879,0.9128226619643761,0.9804267172943346,1.072991017140792,1.0150240831847586,0.9466101429584656,CHEMUNG,WHITE
CHEMUNG Multi,1.2516036276097933,1.282357304725616,1.0557177343773805,0.6287493696699276,0.9466101429584658,1.2335972491873841,CHEMUNG,Multi
CHENANGO AM_IND,3.394283219067946,0.6511226268017687,1.001295968878886,1.0191107657483691,0.9957153474880168,1.0976242011940223,CHENANGO,AM_IND
CHENANGO BLACK,0.6511226268017686,1.6705670696054218,1.0666127924017326,1.3585180848815743,0.9851392181899978,1.058898317896571,CHENANGO,BLACK
CHENANGO HISP,1.0012959688788863,1.0666127924017328,1.3079073993687704,1.1122256487502875,0.9890040563510952,1.0607092584519848,CHENANGO,HISP
CHENANGO ASIAN,1.0191107657483691,1.3585180848815746,1.1122256487502877,1.7295171705030667,0.9838558069021014,1.117817460283364,CHENANGO,ASIAN
CHENANGO WHITE,0.9957153474880168,0.985139218189998,0.9890040563510951,0.9838558069021013,1.0009331889478947,0.984959075435585,CHENANGO,WHITE
CHENANGO Multi,1.0976242011940225,1.058898317896571,1.0607092584519848,1.1178174602833637,0.9849590754355851,1.6044966951510697,CHENANGO,Multi
CLINTON AM_IND,2.1546477935073702,1.586169483693741,1.2754103618367567,1.5670041163625295,0.9713970396527192,1.2130845407953987,CLINTON,AM_IND
CLINTON BLACK,1.5861694836937412,2.440405771868604,1.305393987275006,1.9680617447514508,0.9524180339512991,1.0584263384806916,CLINTON,BLACK
CLINTON HISP,1.2754103618367565,1.305393987275006,1.581326397530465,1.1377807778614368,0.9827140420575011,0.9429025647042911,CLINTON,HISP
CLINTON ASIAN,1.5670041163625292,1.9680617447514506,1.137780777861437,2.135212490099664,0.9660780586652155,0.9195703040448585,CLINTON,ASIAN
CLINTON WHITE,0.9713970396527193,0.9524180339512992,0.9827140420575012,0.9660780586652153,1.001936506348915,0.9851639678219924,CLINTON,WHITE
CLINTON Multi,1.213084540795399,1.0584263384806918,0.9429025647042912,0.9195703040448586,0.9851639678219924,1.9293323784474052,CLINTON,Multi
COLUMBIA AM_IND,2.466551163370228,0.8615919196020256,0.9558411609471715,0.9938531654164051,1.0471364323440997,0.67807434728944,COLUMBIA,AM_IND
COLUMBIA BLACK,0.8615919196020255,2.459568107278467,1.3673359476994806,2.4781886529870203,0.6903439243416379,1.6387577203963493,COLUMBIA,BLACK
COLUMBIA HISP,0.9558411609471712,1.3673359476994804,1.1922386568458219,1.3591029829647465,0.9023277833914629,1.2013092180595095,COLUMBIA,HISP
COLUMBIA ASIAN,0.993853165416405,2.47818865298702,1.3591029829647472,2.5878474244693845,0.6894174289567846,1.587557362427819,COLUMBIA,ASIAN
COLUMBIA WHITE,1.0471364323440995,0.6903439243416377,0.9023277833914631,0.6894174289567845,1.0700617702411621,0.851119729529722,COLUMBIA,WHITE
COLUMBIA Multi,0.6780743472894398,1.6387577203963493,1.2013092180595097,1.5875573624278185,0.8511197295297223,1.3846966404391923,COLUMBIA,Multi
CORTLAND AM_IND,6.365511260941987,0.8980668653551415,1.5973952487544405,0.783377019490887,0.9753007860415949,0.9631613688751369,CORTLAND,AM_IND
CORTLAND BLACK,0.8980668653551416,1.9202950188478505,1.1910172101039618,1.5081589659939585,0.9599385502356903,1.4232284387564331,CORTLAND,BLACK
CORTLAND HISP,1.5973952487544403,1.1910172101039618,1.2326863590064705,1.2391918938376159,0.9777289533729582,1.2246856783247946,CORTLAND,HISP
CORTLAND ASIAN,0.7833770194908871,1.5081589659939587,1.239191893837616,1.7075297493750272,0.9596709505790993,1.508203111387216,CORTLAND,ASIAN
CORTLAND WHITE,0.975300786041595,0.9599385502356903,0.9777289533729583,0.9596709505790993,1.0031112554333457,0.9634041565666374,CORTLAND,WHITE
CORTLAND Multi,0.9631613688751369,1.4232284387564331,1.2246856783247946,1.5082031113872159,0.9634041565666374,1.4893619446685946,CORTLAND,Multi
DELAWARE AM_IND,6.425741874782775,1.3642622425803914,0.6068200693927163,0.7739483400826602,1.0255050775156584,0.23453307279773777,DELAWARE,AM_IND
DELAWARE BLACK,1.3642622425803916,1.338921284581909,0.8570702478849987,0.8998729381943408,1.006091864217379,0.8520945426486849,DELAWARE,BLACK
DELAWARE HISP,0.6068200693927164,0.8570702478849986,2.335610580705334,1.77056545098955,0.9174993213125281,1.2076452239213578,DELAWARE,HISP
DELAWARE ASIAN,0.7739483400826604,0.8998729381943406,1.77056545098955,1.7750689554922894,0.9507228797124652,1.0970009759907318,DELAWARE,ASIAN
DELAWARE WHITE,1.0255050775156587,1.006091864217379,0.917499321312528,0.9507228797124654,1.005373629093291,0.9763840426956452,DELAWARE,WHITE
DELAWARE Multi,0.23453307279773783,0.8520945426486849,1.207645223921358,1.0970009759907318,0.9763840426956453,1.7040919518778899,DELAWARE,Multi
DUTCHESS AM_IND,4.282998899794488,1.732397115923199,1.1271531754425954,0.8414503556061244,0.7741462400026602,1.2549267532916613,DUTCHESS,AM_IND
DUTCHESS BLACK,1.7323971159231986,2.1804902616323734,1.2655232407844828,0.8424815022304233,0.6253194230895612,1.2542376660992696,DUTCHESS,BLACK
DUTCHESS HISP,1.1271531754425954,1.2655232407844825,1.1410149189397225,0.8985847737625683,0.8836312706847099,1.0811508332341382,DUTCHESS,HISP
DUTCHESS ASIAN,0.8414503556061244,0.8424815022304232,0.8985847737625682,1.5666668285548884,1.0559083854171667,0.8747901214584933,DUTCHESS,ASIAN
DUTCHESS WHITE,0.7741462400026601,0.6253194230895612,0.8836312706847098,1.055908385417167,1.1338460606803498,0.8958254306394463,DUTCHESS,WHITE
DUTCHESS Multi,1.2549267532916613,1.2542376660992693,1.0811508332341382,0.8747901214584936,0.8958254306394463,1.2741781198716553,DUTCHESS,Multi
ERIE AM_IND,12.641532355760324,0.6528428470946223,0.7478720242164795,0.5896497286560497,1.0595651542044857,0.9113897819397276,ERIE,AM_IND
ERIE BLACK,0.6528428470946224,2.4139034991119237,1.3891280340683814,1.5132114569161281,0.3953829271969599,1.0968149210263636,ERIE,BLACK
ERIE HISP,0.7478720242164797,1.3891280340683814,2.428173615209573,1.172832052373736,0.6036293409583009,1.024946828412858,ERIE,HISP
ERIE ASIAN,0.5896497286560497,1.5132114569161284,1.1728320523737361,2.1685682902497527,0.6640833208516852,1.0238634309381733,ERIE,ASIAN
ERIE WHITE,1.059565154204486,0.39538292719695994,0.6036293409583008,0.6640833208516852,1.3145754806622563,0.9403317982991747,ERIE,WHITE
ERIE Multi,0.9113897819397276,1.0968149210263634,1.0249468284128582,1.0238634309381733,0.9403317982991747,1.2851998150023594,ERIE,Multi
ESSEX AM_IND,10.265667898179844,1.851452394671728,2.7079221125633497,1.966413276924072,0.9562409869957353,0.9436698271054099,ESSEX,AM_IND
ESSEX BLACK,1.8514523946717283,1.8507817501954686,1.2642956222099804,1.3139172270744008,0.982266495231506,1.4314178906276631,ESSEX,BLACK
ESSEX HISP,2.70792211256335,1.2642956222099804,2.5656711926428177,0.9837904691837511,0.9586525504409993,2.187816355720267,ESSEX,HISP
ESSEX ASIAN,1.9664132769240723,1.3139172270744008,0.9837904691837511,1.708327586142776,0.9938710749822974,0.9067664666514035,ESSEX,ASIAN
ESSEX WHITE,0.9562409869957352,0.9822664952315056,0.9586525504409991,0.9938710749822974,1.0013546931254251,0.9573038227268291,ESSEX,WHITE
ESSEX Multi,0.9436698271054098,1.4314178906276631,2.187816355720267,0.9067664666514035,0.9573038227268291,2.7652749553908924,ESSEX,Multi
FRANKLIN AM_IND,5.438123670922565,0.025923289039769416,1.8441693418369856,0.055392277447663056,0.30883858232169364,2.020891728580041,FRANKLIN,AM_IND
FRANKLIN BLACK,0.025923289039769416,2.2640645402182806,0.43428050118910266,0.8451106698560267,1.1589527938180613,0.5483247805615163,FRANKLIN,BLACK
FRANKLIN HISP,1.8441693418369856,0.43428050118910266,1.6404696907150074,0.6894234361376496,0.8567985238537088,1.4622696813312994,FRANKLIN,HISP
FRANKLIN ASIAN,0.05539227744766305,0.8451106698560268,0.6894234361376494,2.5924322323604962,1.1504649362618855,0.6623777615025369,FRANKLIN,ASIAN
FRANKLIN WHITE,0.3088385823216936,1.1589527938180615,0.856798523853709,1.1504649362618857,1.1085872140374256,0.8108706804371321,FRANKLIN,WHITE
FRANKLIN Multi,2.0208917285800405,0.5483247805615163,1.4622696813312992,0.662377761502537,0.8108706804371318,2.242026255497452,FRANKLIN,Multi
FULTON AM_IND,3.1954753096230477,0.8934527105003096,1.4476561353432533,1.180772153265699,0.9530758077144967,1.2917127613763497,FULTON,AM_IND
FULTON BLACK,0.8934527105003097,1.7886616689666825,1.3104470404070727,0.8472000811533441,0.9436101965181373,1.494915426086344,FULTON,BLACK
FULTON HISP,1.447656135343253,1.310447040407073,1.3800336783816252,0.994919961260581,0.9472743579938228,1.4628797888892242,FULTON,HISP
FULTON ASIAN,1.1807721532656985,0.847200081153344,0.9949199612605808,1.2756337580381862,1.002264874630547,0.9588271749286306,FULTON,ASIAN
FULTON WHITE,0.9530758077144966,0.9436101965181372,0.9472743579938223,1.0022648746305467,1.007724057200273,0.93133146663772,FULTON,WHITE
FULTON Multi,1.2917127613763497,1.4949154260863442,1.462879788889224,0.9588271749286306,0.9313314666377196,1.6335714153305638,FULTON,Multi
GENESEE AM_IND,3.1076498264181907,2.4811258028065732,1.405573149243593,1.636911094050413,0.886771752095782,1.0500113715793433,GENESEE,AM_IND
GENESEE BLACK,2.4811258028065732,2.4669120008662193,1.3800458095461738,1.5015816324569893,0.8800109402563305,1.3856058342552273,GENESEE,BLACK
GENESEE HISP,1.4055731492435932,1.3800458095461738,1.4499675626836217,0.9595973555668539,0.9366599277972979,1.2858068134579363,GENESEE,HISP
GENESEE ASIAN,1.6369110940504132,1.5015816324569888,0.959597355566854,1.8359269338714717,0.9763898475406998,0.8744669854031742,GENESEE,ASIAN
GENESEE WHITE,0.886771752095782,0.8800109402563305,0.9366599277972977,0.9763898475406997,1.0138675912029367,0.9207189487725578,GENESEE,WHITE
GENESEE Multi,1.050011371579343,1.3856058342552273,1.2858068134579363,0.8744669854031745,0.9207189487725574,2.0888619694665627,GENESEE,Multi
GREENE AM_IND,3.8785861856193566,1.1401341753124428,1.0013152408334753,0.9741124256954501,0.9887670019597132,1.0461296515316918,GREENE,AM_IND
GREENE BLACK,1.1401341753124425,1.9168363086589817,1.2973754466525644,1.1260992422549239,0.9003598212158066,1.4884760264087824,GREENE,BLACK
GREENE HISP,1.0013152408334753,1.2973754466525647,1.2575274516393051,1.232813662500921,0.9407307435376805,1.2559149174651323,GREENE,HISP
GREENE ASIAN,0.9741124256954502,1.126099242254924,1.232813662500921,1.541824606037195,0.9485716756582003,1.2055542218475463,GREENE,ASIAN
GREENE WHITE,0.9887670019597132,0.9003598212158067,0.9407307435376804,0.9485716756582004,1.0160194541576502,0.9223476003231823,GREENE,WHITE
GREENE Multi,1.046129651531692,1.4884760264087826,1.255914917465132,1.2055542218475468,0.9223476003231822,1.428454816667226,GREENE,Multi
HAMILTON AM_IND,0.0,0.0,0.0,0.0,0.0,0.0,HAMILTON,AM_IND
HAMILTON BLACK,0.0,1.5114799800867647,1.5174463053836855,0.0,0.9805889317019394,1.0290786572789987,HAMILTON,BLACK
HAMILTON HISP,0.0,1.5174463053836853,1.574524338151625,0.0,0.9795212217381694,1.0011562344427851,HAMILTON,HISP
HAMILTON ASIAN,0.0,0.0,0.0,0.0,0.0,0.0,HAMILTON,ASIAN
HAMILTON WHITE,0.0,0.9805889317019392,0.9795212217381692,0.0,1.0007609031129059,0.9984521437387522,HAMILTON,WHITE
HAMILTON Multi,0.0,1.0290786572789985,1.0011562344427851,0.0,0.998452143738752,1.097163596440186,HAMILTON,Multi
HERKIMER AM_IND,4.421108891153268,1.9559102620486692,0.9774747022989404,1.1659659580350483,0.9802044305865564,1.043746047905118,HERKIMER,AM_IND
HERKIMER BLACK,1.9559102620486692,2.1154544712850774,1.0467165354429824,1.3295368999450814,0.9733330630118293,1.1601118596898725,HERKIMER,BLACK
HERKIMER HISP,0.9774747022989404,1.0467165354429824,1.3223424332232292,1.1120274616003754,0.982471757018322,1.2133132178802148,HERKIMER,HISP
HERKIMER ASIAN,1.1659659580350483,1.3295368999450816,1.1120274616003754,1.8096228384479822,0.9788100710813713,1.257374141225559,HERKIMER,ASIAN
HERKIMER WHITE,0.9802044305865564,0.9733330630118294,0.9824717570183218,0.9788100710813712,1.0017670514116537,0.9779742319235643,HERKIMER,WHITE
HERKIMER Multi,1.0437460479051182,1.1601118596898727,1.2133132178802148,1.257374141225559,0.9779742319235644,1.370543963844746,HERKIMER,Multi
JEFFERSON AM_IND,2.260780545603389,1.0578902300315456,1.192093469406518,1.2168475952773605,0.9605832431409947,1.036481499332664,JEFFERSON,AM_IND
JEFFERSON BLACK,1.0578902300315458,1.546464175791191,1.4034008495716286,1.3426184116914794,0.8823543445515578,1.3588497542190743,JEFFERSON,BLACK
JEFFERSON HISP,1.192093469406518,1.4034008495716284,1.454512846233896,1.3124865799502143,0.8936356145514408,1.2591161770067663,JEFFERSON,HISP
JEFFERSON ASIAN,1.2168475952773605,1.3426184116914788,1.312486579950214,1.5051090041456927,0.9187033932305536,1.1485837728760797,JEFFERSON,ASIAN
JEFFERSON WHITE,0.9605832431409946,0.8823543445515576,0.8936356145514406,0.9187033932305535,1.028631416866208,0.9132967922640655,JEFFERSON,WHITE
JEFFERSON Multi,1.0364814993326643,1.3588497542190743,1.2591161770067665,1.1485837728760795,0.9132967922640656,1.3791421076167603,JEFFERSON,Multi
LEWIS AM_IND,5.674577347238343,0.8935641797994998,1.0937331207977274,3.749517929858083,0.9851820283280354,1.0233208096436013,LEWIS,AM_IND
LEWIS BLACK,0.8935641797994996,1.553776105265419,0.8523934102357807,0.8786161772038736,0.9976861216145945,0.9896858360802699,LEWIS,BLACK
LEWIS HISP,1.0937331207977274,0.8523934102357807,1.2325759392367486,1.1037769972207798,0.9912475441580457,1.2436122152772995,LEWIS,HISP
LEWIS ASIAN,3.749517929858083,0.8786161772038736,1.1037769972207796,3.210196354164661,0.9926886487156674,0.8596138586296759,LEWIS,ASIAN
LEWIS WHITE,0.9851820283280355,0.9976861216145946,0.9912475441580461,0.9926886487156674,1.0005892865888177,0.9834657881991883,LEWIS,WHITE
LEWIS Multi,1.0233208096436015,0.98968583608027,1.2436122152772997,0.859613858629676,0.9834657881991883,1.5789892578752427,LEWIS,Multi
LIVINGSTON AM_IND,4.769199929138467,1.0680995893368068,1.1793225376369352,1.9181882526851495,0.9683690372252473,1.3037994264183141,LIVINGSTON,AM_IND
LIVINGSTON BLACK,1.0680995893368068,1.4683967111431317,1.2769950607537668,1.2786215949808382,0.9700336467998187,1.0451995012278048,LIVINGSTON,BLACK
LIVINGSTON HISP,1.1793225376369352,1.2769950607537666,2.0657993725277435,1.3866196359522498,0.9144668956677343,1.1109461042970938,LIVINGSTON,HISP
LIVINGSTON ASIAN,1.91818825268515,1.2786215949808386,1.3866196359522498,1.9629618223943357,0.9593244973545082,1.0500168215500731,LIVINGSTON,ASIAN
LIVINGSTON WHITE,0.9683690372252475,0.9700336467998188,0.9144668956677343,0.9593244973545081,1.0072603356862284,0.9834616127772668,LIVINGSTON,WHITE
LIVINGSTON Multi,1.3037994264183144,1.045199501227805,1.1109461042970938,1.0500168215500734,0.983461612777267,1.290220487072724,LIVINGSTON,Multi
MADISON AM_IND,4.050098787538982,0.7216982732309094,0.9613683697915472,1.162866510020087,0.9543051649827672,1.4976291340189984,MADISON,AM_IND
MADISON BLACK,0.7216982732309093,1.7744257134821209,0.9867287322086034,1.4780392004837792,0.9931468421485727,0.9420663485625116,MADISON,BLACK
MADISON HISP,0.9613683697915472,0.9867287322086035,1.2068464875687435,1.0208238841001553,0.9911386511387018,1.059305640032441,MADISON,HISP
MADISON ASIAN,1.162866510020087,1.4780392004837792,1.0208238841001553,1.8887042856529477,0.9863455294183715,0.9648418169292459,MADISON,ASIAN
MADISON WHITE,0.9543051649827671,0.9931468421485729,0.991138651138702,0.9863455294183716,1.0016387050957314,0.9820146187497089,MADISON,WHITE
MADISON Multi,1.4976291340189982,0.9420663485625117,1.059305640032441,0.9648418169292455,0.9820146187497087,1.3018600314689976,MADISON,Multi
MONROE AM_IND,2.6779265202974187,1.2113768148266517,1.0587497096476817,0.908051509182604,0.8911541431767885,1.0024259560454563,MONROE,AM_IND
MONROE BLACK,1.2113768148266517,2.123896568393533,1.4371587546245224,0.7055584638675767,0.41890996965963323,0.6822873480156095,MONROE,BLACK
MONROE HISP,1.058749709647682,1.4371587546245228,1.7250592064298105,0.7462847551107006,0.6145795032086482,0.8157828167266571,MONROE,HISP
MONROE ASIAN,0.9080515091826042,0.7055584638675768,0.7462847551107008,2.4064385553447787,1.072129137019819,1.2544554796068068,MONROE,ASIAN
MONROE WHITE,0.8911541431767886,0.41890996965963323,0.6145795032086482,1.072129137019819,1.359160254873174,1.1480252770099126,MONROE,WHITE
MONROE Multi,1.0024259560454563,0.6822873480156094,0.8157828167266572,1.2544554796068068,1.1480252770099124,1.320708175497406,MONROE,Multi
MONTGOMERY AM_IND,4.937485577039365,1.940116386586759,1.7510151552009492,1.365195020554086,0.6282155877148081,1.123948227046328,MONTGOMERY,AM_IND
MONTGOMERY BLACK,1.940116386586759,1.505720469247256,1.5379932247335368,1.2975793379391283,0.7336376903497115,1.2587646541542532,MONTGOMERY,BLACK
MONTGOMERY HISP,1.7510151552009492,1.5379932247335368,1.7598794902935617,1.448129963613288,0.6330264803876698,1.3576565878342235,MONTGOMERY,HISP
MONTGOMERY ASIAN,1.3651950205540861,1.2975793379391283,1.448129963613288,1.4164324780755215,0.787887974803244,1.1256776019298416,MONTGOMERY,ASIAN
MONTGOMERY WHITE,0.6282155877148081,0.7336376903497115,0.6330264803876698,0.787887974803244,1.1780904548624653,0.817699037639868,MONTGOMERY,WHITE
MONTGOMERY Multi,1.123948227046328,1.2587646541542532,1.3576565878342237,1.1256776019298418,0.817699037639868,1.3404434092440725,MONTGOMERY,Multi
NASSAU AM_IND,7.117760639969536,1.4234847689571588,1.5215346174888227,0.6847123168915938,0.6555065886948155,0.7971730668199212,NASSAU,AM_IND
NASSAU BLACK,1.4234847689571593,2.9632617561027947,1.556066262150926,0.5513542595600971,0.3326357873999341,0.7650906146313914,NASSAU,BLACK
NASSAU HISP,1.5215346174888225,1.556066262150926,1.6092979991939396,0.6024991538926336,0.6287985086227945,0.8404965861120884,NASSAU,HISP
NASSAU ASIAN,0.6847123168915941,0.5513542595600971,0.6024991538926336,2.230813093338986,0.8859590790382884,1.0524288247106575,NASSAU,ASIAN
NASSAU WHITE,0.6555065886948156,0.3326357873999341,0.6287985086227945,0.8859590790382882,1.447402921111938,1.1201473936285178,NASSAU,WHITE
NASSAU Multi,0.7971730668199213,0.7650906146313913,0.8404965861120883,1.0524288247106575,1.1201473936285178,1.4558833805224987,NASSAU,Multi
NYC CENTRAL OFFICE AM_IND,2.698118477628106,1.0867641033243864,0.9022566732337511,1.0608727514532563,0.8441842395912273,0.6852027087259867,NYC CENTRAL OFFICE,AM_IND
NYC CENTRAL OFFICE BLACK,1.0867641033243869,1.1253136230474454,0.9853075226137382,0.8452088979175181,0.8359564942314752,0.8185069588068163,NYC CENTRAL OFFICE,BLACK
NYC CENTRAL OFFICE HISP,0.9022566732337512,0.9853075226137384,1.105913185120421,0.8760998001739854,0.8157087704412186,0.8724111835155066,NYC CENTRAL OFFICE,HISP
NYC CENTRAL OFFICE ASIAN,1.0608727514532565,0.8452088979175181,0.8760998001739851,1.599244309700048,1.31120955766565,1.2441095056668208,NYC CENTRAL OFFICE,ASIAN
NYC CENTRAL OFFICE WHITE,0.8441842395912275,0.8359564942314752,0.8157087704412184,1.31120955766565,1.7700626557456074,1.6448658605189102,NYC CENTRAL OFFICE,WHITE
NYC CENTRAL OFFICE Multi,0.6852027087259865,0.8185069588068162,0.8724111835155064,1.2441095056668208,1.6448658605189102,2.3649186234687543,NYC CENTRAL OFFICE,Multi
NEW YORK AM_IND,2.272128164773315,1.4297507579784494,0.9555290620677855,0.7665739940613598,0.6890925117050819,0.8020026423962197,NEW YORK,AM_IND
NEW YORK BLACK,1.4297507579784496,1.789192204049294,0.9624833428658465,0.45445959606497266,0.483904986390349,0.6441520697067643,NEW YORK,BLACK
NEW YORK HISP,0.9555290620677854,0.9624833428658461,1.3317216387499864,0.522972805787762,0.5817654203761713,0.6659848852707595,NEW YORK,HISP
NEW YORK ASIAN,0.7665739940613598,0.45445959606497266,0.522972805787762,3.0680351286384107,1.4208272878202375,1.4246859804182297,NEW YORK,ASIAN
NEW YORK WHITE,0.6890925117050821,0.48390498639034896,0.5817654203761712,1.4208272878202377,2.352203977221691,1.8744634561475604,NEW YORK,WHITE
NEW YORK Multi,0.8020026423962195,0.6441520697067642,0.6659848852707595,1.42468598041823,1.8744634561475602,1.960760020833218,NEW YORK,Multi
BRONX AM_IND,2.1394608456384945,1.0558668997376923,0.938646999716477,1.2693065857891719,0.9682028305065492,0.9941009384697507,BRONX,AM_IND
BRONX BLACK,1.055866899737692,1.350278675626376,0.9021019100300335,0.6785835582532953,0.6381511976181768,0.9959284415951092,BRONX,BLACK
BRONX HISP,0.9386469997164769,0.9021019100300334,1.0769669966674045,0.7324424632085202,0.8320582297730207,0.8707820108052591,BRONX,HISP
BRONX ASIAN,1.2693065857891719,0.6785835582532955,0.7324424632085201,4.627351949684632,2.3722117540825507,1.6613977737384997,BRONX,ASIAN
BRONX WHITE,0.968202830506549,0.6381511976181768,0.8320582297730209,2.3722117540825507,3.975739190978043,1.9354419143610677,BRONX,WHITE
BRONX Multi,0.9941009384697507,0.9959284415951092,0.8707820108052591,1.6613977737384997,1.9354419143610677,2.1529365772354265,BRONX,Multi
KINGS AM_IND,2.007357475330305,1.3464944539864299,0.9231828762700726,0.7228708799311027,0.6917421372452623,0.8532907684476873,KINGS,AM_IND
KINGS BLACK,1.3464944539864296,1.8625733553636588,0.7597365543157858,0.3172488868694692,0.3970712487525771,0.8436426241169337,KINGS,BLACK
KINGS HISP,0.9231828762700728,0.7597365543157858,1.5197098194856293,0.8067021091287058,0.7962012805937458,0.8077835964227009,KINGS,HISP
KINGS ASIAN,0.7228708799311028,0.3172488868694692,0.8067021091287058,2.3496576208879967,1.340581339447466,0.9076801693114229,KINGS,ASIAN
KINGS WHITE,0.6917421372452623,0.3970712487525771,0.7962012805937457,1.3405813394474657,2.1603267318656583,1.5932755679989308,KINGS,WHITE
KINGS Multi,0.8532907684476871,0.8436426241169336,0.8077835964227009,0.9076801693114229,1.5932755679989308,2.3872792438446315,KINGS,Multi
QUEENS AM_IND,4.20389755974549,1.442373409085577,0.7701993619022915,1.0294083679613646,0.5282877116515352,0.9969375540402395,QUEENS,AM_IND
QUEENS BLACK,1.442373409085577,3.0029551655951274,0.6354839690389629,0.5681198416714208,0.42856281515023925,0.964402455830835,QUEENS,BLACK
QUEENS HISP,0.7701993619022912,0.6354839690389629,1.355767188527204,0.7906337249195793,0.860339576055443,0.7944840035699723,QUEENS,HISP
QUEENS ASIAN,1.0294083679613646,0.5681198416714209,0.7906337249195793,1.541542179689236,0.9866093535576241,1.0722493864863643,QUEENS,ASIAN
QUEENS WHITE,0.5282877116515352,0.42856281515023936,0.8603395760554431,0.9866093535576244,2.3623103529832195,1.4549853185477484,QUEENS,WHITE
QUEENS Multi,0.9969375540402394,0.9644024558308352,0.7944840035699724,1.072249386486364,1.4549853185477486,1.9282321442494288,QUEENS,Multi
RICHMOND AM_IND,1.4839262638056134,1.4139622081107013,1.1776890340109147,0.8264357550491667,0.7922140839311584,0.992599489079121,RICHMOND,AM_IND
RICHMOND BLACK,1.413962208110701,2.074994563409107,1.3985337276068348,0.603686231606446,0.49147634221993214,1.1193184527708853,RICHMOND,BLACK
RICHMOND HISP,1.1776890340109147,1.3985337276068348,1.2675588215219813,0.7928400457261755,0.7418814024952946,1.0441077808927597,RICHMOND,HISP
RICHMOND ASIAN,0.8264357550491668,0.6036862316064459,0.7928400457261755,1.596351037613196,1.0736324460552187,0.9494306375220944,RICHMOND,ASIAN
RICHMOND WHITE,0.7922140839311586,0.4914763422199321,0.7418814024952944,1.073632446055219,1.3345468006199697,0.9311685106145584,RICHMOND,WHITE
RICHMOND Multi,0.9925994890791205,1.1193184527708855,1.0441077808927597,0.9494306375220947,0.9311685106145585,1.2963347761735606,RICHMOND,Multi
NIAGARA AM_IND,10.029029572513416,1.0957094826046745,0.9004024019542671,1.177703655030123,0.7538492510453559,1.3468187388712993,NIAGARA,AM_IND
NIAGARA BLACK,1.0957094826046747,2.7766154025315655,1.489839744581259,1.3786572314242331,0.5727699194681762,1.7278415083008072,NIAGARA,BLACK
NIAGARA HISP,0.9004024019542672,1.4898397445812588,1.3353726525625107,1.2018061471201944,0.8604551291291436,1.2473612673038237,NIAGARA,HISP
NIAGARA ASIAN,1.1777036550301232,1.3786572314242334,1.2018061471201946,2.1148447780676234,0.8731732030338729,1.1665420435212466,NIAGARA,ASIAN
NIAGARA WHITE,0.7538492510453558,0.5727699194681762,0.8604551291291436,0.8731732030338728,1.1127452476101167,0.8025675605382899,NIAGARA,WHITE
NIAGARA Multi,1.346818738871299,1.7278415083008074,1.2473612673038232,1.1665420435212466,0.8025675605382898,1.400214235243814,NIAGARA,Multi
ONEIDA AM_IND,2.4976288079236206,1.6336779395079364,1.369345768295131,1.319693797130798,0.8113599101546676,1.1331194465710555,ONEIDA,AM_IND
ONEIDA BLACK,1.6336779395079366,2.3042662444863025,1.9373402944368103,2.289155427357717,0.5165967103507167,1.4800940389423167,ONEIDA,BLACK
ONEIDA HISP,1.369345768295131,1.937340294436811,1.7749240679467235,1.95368552167763,0.6311578569426721,1.4249475142049741,ONEIDA,HISP
ONEIDA ASIAN,1.319693797130798,2.289155427357717,1.9536855216776305,2.7118162043228593,0.4728649128550515,1.4948400376650308,ONEIDA,ASIAN
ONEIDA WHITE,0.8113599101546676,0.5165967103507167,0.6311578569426721,0.47286491285505156,1.188639690690323,0.7958561193472815,ONEIDA,WHITE
ONEIDA Multi,1.1331194465710555,1.4800940389423165,1.4249475142049741,1.4948400376650308,0.7958561193472814,1.4103241597708915,ONEIDA,Multi
ONONDAGA AM_IND,20.469670281643968,0.9315206205238673,0.8008628911878161,0.7360508371716121,0.7126366379627009,0.793394810512349,ONONDAGA,AM_IND
ONONDAGA BLACK,0.9315206205238675,2.318997256815118,1.5651226485799823,1.1274607533214398,0.4801838757859358,1.2118845318914986,ONONDAGA,BLACK
ONONDAGA HISP,0.8008628911878162,1.5651226485799825,1.832288767592435,0.9664609000705549,0.7034437135763781,1.1577830594529652,ONONDAGA,HISP
ONONDAGA ASIAN,0.736050837171612,1.12746075332144,0.9664609000705549,2.077853251760195,0.876883165049865,1.0667105102235876,ONONDAGA,ASIAN
ONONDAGA WHITE,0.7126366379627008,0.4801838757859356,0.7034437135763784,0.8768831650498649,1.2289766426752327,0.8910228846748017,ONONDAGA,WHITE
ONONDAGA Multi,0.7933948105123492,1.2118845318914984,1.1577830594529654,1.0667105102235879,0.8910228846748021,1.2022550270158678,ONONDAGA,Multi
ONTARIO AM_IND,2.467984009075222,0.5906398316317532,0.6381892928230729,1.2346645031662355,1.055526198689077,0.8964818232710655,ONTARIO,AM_IND
ONTARIO BLACK,0.5906398316317532,2.6530644759653836,2.2509083760368003,1.2091557449697226,0.7474940170941912,1.6986622915428122,ONTARIO,BLACK
ONTARIO HISP,0.6381892928230729,2.2509083760368007,2.0434683378040934,1.0827005642519847,0.7958539338054379,1.5762302298374309,ONTARIO,HISP
ONTARIO ASIAN,1.2346645031662355,1.2091557449697226,1.082700564251985,1.3413829131651844,0.9691216210743436,1.1101342798694254,ONTARIO,ASIAN
ONTARIO WHITE,1.055526198689077,0.7474940170941914,0.7958539338054378,0.9691216210743437,1.0409010161249461,0.8808770396236507,ONTARIO,WHITE
ONTARIO Multi,0.8964818232710655,1.6986622915428118,1.5762302298374304,1.1101342798694251,0.8808770396236505,1.3968061237792708,ONTARIO,Multi
ORANGE AM_IND,1.8359006745866773,0.9344995026344852,0.9178482381966472,1.007137162910072,1.0804508317695387,0.9944651555220002,ORANGE,AM_IND
ORANGE BLACK,0.9344995026344852,1.3367541164532277,1.2314839336428494,0.9680687579128708,0.7198257236002706,1.0518040947806926,ORANGE,BLACK
ORANGE HISP,0.9178482381966472,1.2314839336428491,1.237270738625928,1.0039180021896188,0.7406200810288412,1.0687672076450934,ORANGE,HISP
ORANGE ASIAN,1.007137162910072,0.9680687579128707,1.0039180021896188,1.3683338154659332,0.9839500840574361,0.9511750366919056,ORANGE,ASIAN
ORANGE WHITE,1.080450831769539,0.7198257236002708,0.7406200810288411,0.983950084057436,1.292966778023511,0.9113502014503232,ORANGE,WHITE
ORANGE Multi,0.9944651555220002,1.0518040947806924,1.0687672076450934,0.9511750366919055,0.9113502014503231,1.2907600731649675,ORANGE,Multi
ORLEANS AM_IND,1.509287136238032,1.3271981654813192,1.1035338894056699,1.1267934114356433,0.966980021440967,0.9213715281070454,ORLEANS,AM_IND
ORLEANS BLACK,1.3271981654813187,1.8272021899179984,1.2512882837483539,1.382996933058376,0.9349415217740762,0.5554347466154658,ORLEANS,BLACK
ORLEANS HISP,1.1035338894056697,1.251288283748354,1.0979720176131589,1.1203538035972986,0.9802900667867658,0.817570172108681,ORLEANS,HISP
ORLEANS ASIAN,1.1267934114356433,1.3829969330583762,1.1203538035972989,1.3660222865790637,0.9761172262060436,0.6398339658526616,ORLEANS,ASIAN
ORLEANS WHITE,0.9669800214409668,0.9349415217740761,0.980290066786766,0.9761172262060435,1.006348175721826,1.010448272872213,ORLEANS,WHITE
ORLEANS Multi,0.9213715281070454,0.5554347466154658,0.817570172108681,0.6398339658526617,1.010448272872213,1.8333130380292109,ORLEANS,Multi
OSWEGO AM_IND,1.8639941649604883,0.9678550661819165,1.0127565079353928,0.9014614903417835,0.9952004140261854,1.0996825967684993,OSWEGO,AM_IND
OSWEGO BLACK,0.9678550661819167,1.455186279984095,1.2680045504272577,1.3498756238375014,0.9816393642874649,1.0976289766602612,OSWEGO,BLACK
OSWEGO HISP,1.0127565079353928,1.268004550427258,1.5783896549775362,1.1896127870920092,0.9736851440253538,1.0767887673920702,OSWEGO,HISP
OSWEGO ASIAN,0.9014614903417834,1.3498756238375014,1.1896127870920092,1.9644717458747933,0.9836210849847468,1.039983778375757,OSWEGO,ASIAN
OSWEGO WHITE,0.9952004140261855,0.9816393642874649,0.9736851440253538,0.9836210849847472,1.001469937487217,0.990548153797884,OSWEGO,WHITE
OSWEGO Multi,1.0996825967684993,1.0976289766602614,1.07678876739207,1.039983778375757,0.9905481537978841,1.1996007248445462,OSWEGO,Multi
OTSEGO AM_IND,11.643919166106988,1.6201211675062113,1.8141885061389704,1.2314055001924407,0.9099794400284759,1.6596185452738599,OTSEGO,AM_IND
OTSEGO BLACK,1.6201211675062113,2.1279371393368103,1.527140525174932,1.4262612499799758,0.924397013184865,1.2288670958698966,OTSEGO,BLACK
OTSEGO HISP,1.8141885061389706,1.5271405251749322,1.3848775434975695,1.1859363664778886,0.957434145163835,1.1023959050352237,OTSEGO,HISP
OTSEGO ASIAN,1.2314055001924409,1.426261249979976,1.1859363664778888,1.9387209755880748,0.9576946661478527,0.9769860256694822,OTSEGO,ASIAN
OTSEGO WHITE,0.9099794400284761,0.9243970131848652,0.9574341451638352,0.9576946661478527,1.0060221572856207,0.976270164750363,OTSEGO,WHITE
OTSEGO Multi,1.65961854527386,1.2288670958698966,1.1023959050352237,0.9769860256694821,0.9762701647503631,1.433589754040202,OTSEGO,Multi
PUTNAM AM_IND,1.5815527109952603,1.1446029194655132,1.054847037845509,1.016282853869038,0.9628617110508723,0.999498042585847,PUTNAM,AM_IND
PUTNAM BLACK,1.1446029194655136,1.093277897678089,1.0319985570948678,1.0068301940142512,0.9793053354324063,0.983040134394381,PUTNAM,BLACK
PUTNAM HISP,1.054847037845509,1.031998557094868,1.1122374307618816,1.0113408683211327,0.939198506988744,1.0022622326605883,PUTNAM,HISP
PUTNAM ASIAN,1.016282853869038,1.006830194014251,1.0113408683211327,1.1274758368396092,0.9912330563344843,0.950112299157413,PUTNAM,ASIAN
PUTNAM WHITE,0.9628617110508728,0.979305335432406,0.939198506988744,0.9912330563344841,1.0336604843525896,0.9893238809711388,PUTNAM,WHITE
PUTNAM Multi,0.9994980425858471,0.9830401343943808,1.0022622326605886,0.9501122991574134,0.9893238809711388,1.2530237945160656,PUTNAM,Multi
RENSSELAER AM_IND,2.5725734433467093,1.4047096927162654,1.1783716495045191,1.2588957509969236,0.9015898775417438,0.9365272115762998,RENSSELAER,AM_IND
RENSSELAER BLACK,1.4047096927162654,2.665852746657144,1.9028791857196148,0.7832660507159089,0.5740465253214659,1.4143417516694177,RENSSELAER,BLACK
RENSSELAER HISP,1.1783716495045193,1.902879185719615,1.5644354621976284,0.9557364590367962,0.747527285688024,1.319790618664168,RENSSELAER,HISP
RENSSELAER ASIAN,1.2588957509969239,0.7832660507159089,0.9557364590367959,2.8723993514281223,0.9520616110846708,1.126947209769919,RENSSELAER,ASIAN
RENSSELAER WHITE,0.9015898775417438,0.5740465253214659,0.7475272856880238,0.9520616110846711,1.1204047228627678,0.8467657037650398,RENSSELAER,WHITE
RENSSELAER Multi,0.9365272115762998,1.4143417516694172,1.3197906186641677,1.126947209769919,0.84676570376504,1.4006757924790114,RENSSELAER,Multi
ROCKLAND AM_IND,2.584936239986971,1.0409934974209865,1.0923610227257716,0.9997720767016653,0.8627147167329521,0.9097701529975697,ROCKLAND,AM_IND
ROCKLAND BLACK,1.0409934974209865,1.3841002251284766,1.2460675807448172,0.7461258495214114,0.6141459198624002,0.7552424786120934,ROCKLAND,BLACK
ROCKLAND HISP,1.0923610227257714,1.2460675807448172,1.2354200389740748,0.7525017373023429,0.6749251514862813,0.7429627459697898,ROCKLAND,HISP
ROCKLAND ASIAN,0.9997720767016657,0.7461258495214115,0.7525017373023429,1.4908814642968848,1.2957888538902176,1.2024277605013223,ROCKLAND,ASIAN
ROCKLAND WHITE,0.862714716732952,0.6141459198624003,0.6749251514862814,1.2957888538902178,1.4764607980048277,1.3276951767123524,ROCKLAND,WHITE
ROCKLAND Multi,0.9097701529975698,0.7552424786120933,0.7429627459697901,1.2024277605013223,1.3276951767123522,1.7354911150292516,ROCKLAND,Multi
SAINT LAWRENCE AM_IND,5.020510269830312,1.9185271882895254,0.9588505490035705,1.0068924766888052,0.9036131490583579,0.8053870563675543,SAINT LAWRENCE,AM_IND
SAINT LAWRENCE BLACK,1.9185271882895252,1.7346739839922987,1.086002734986591,1.3936960217883856,0.9674356061853628,0.9979217895966194,SAINT LAWRENCE,BLACK
SAINT LAWRENCE HISP,0.9588505490035703,1.0860027349865913,1.4798637978692806,1.3586254188200277,0.988076725084044,1.0526553119124802,SAINT LAWRENCE,HISP
SAINT LAWRENCE ASIAN,1.006892476688805,1.3936960217883856,1.358625418820028,2.3384774149607277,0.9755296346168557,1.1713993697132659,SAINT LAWRENCE,ASIAN
SAINT LAWRENCE WHITE,0.9036131490583578,0.9674356061853628,0.988076725084044,0.9755296346168557,1.003034916737252,0.9921704406731819,SAINT LAWRENCE,WHITE
SAINT LAWRENCE Multi,0.8053870563675541,0.9979217895966193,1.0526553119124804,1.1713993697132659,0.9921704406731822,1.638077471361577,SAINT LAWRENCE,Multi
SARATOGA AM_IND,4.719967510688459,0.870791840231608,0.9370389886202282,0.37968128160317405,1.0474424035434666,0.7918801926981505,SARATOGA,AM_IND
SARATOGA BLACK,0.8707918402316082,1.3475601228558631,1.1864039169061753,1.449335224779475,0.9481530602488376,1.179910036922376,SARATOGA,BLACK
SARATOGA HISP,0.9370389886202283,1.1864039169061753,1.2491930252656656,1.340804968399896,0.9549854368785654,1.1523551933721632,SARATOGA,HISP
SARATOGA ASIAN,0.37968128160317416,1.449335224779475,1.3408049683998955,2.424665425307455,0.8819660621604151,1.2501588848370602,SARATOGA,ASIAN
SARATOGA WHITE,1.0474424035434666,0.9481530602488376,0.9549854368785655,0.8819660621604152,1.0119042706093389,0.9639992290156806,SARATOGA,WHITE
SARATOGA Multi,0.7918801926981505,1.1799100369223758,1.1523551933721632,1.2501588848370604,0.9639992290156804,1.1929434856678909,SARATOGA,Multi
SCHENECTADY AM_IND,2.279512342148385,0.7251591242114455,0.8123559644598471,0.7168193326981377,1.1978219247872295,0.9957056601220995,SCHENECTADY,AM_IND
SCHENECTADY BLACK,0.7251591242114453,1.71666066543545,1.4428382747254689,1.4312840331365344,0.5386335045898736,1.2021720806669112,SCHENECTADY,BLACK
SCHENECTADY HISP,0.812355964459847,1.4428382747254687,1.3467630316724917,1.2704839552222686,0.6813004644904537,1.2221021221816086,SCHENECTADY,HISP
SCHENECTADY ASIAN,0.7168193326981376,1.4312840331365337,1.2704839552222684,1.4995423800202141,0.6553710042551449,1.1367085302063864,SCHENECTADY,ASIAN
SCHENECTADY WHITE,1.1978219247872295,0.5386335045898737,0.681300464490454,0.6553710042551449,1.3335349865827637,0.7978986072075537,SCHENECTADY,WHITE
SCHENECTADY Multi,0.9957056601220994,1.202172080666911,1.2221021221816084,1.1367085302063866,0.7978986072075537,1.3680823474439505,SCHENECTADY,Multi
SCHOHARIE AM_IND,7.138132295719845,1.7845330739299612,1.1896887159533074,1.2978422355854262,0.9746255537948357,1.0707198443579766,SCHOHARIE,AM_IND
SCHOHARIE BLACK,1.7845330739299612,1.3515896098785374,1.04323523820056,1.0716903902055215,0.9944091724752537,0.8976168806548831,SCHOHARIE,BLACK
SCHOHARIE HISP,1.1896887159533074,1.0432352382005599,1.2972175429816446,0.97857308282906,0.9847862561221565,1.0866139717924954,SCHOHARIE,HISP
SCHOHARIE ASIAN,1.2978422355854262,1.0716903902055215,0.9785730828290597,1.4923978065987549,0.9993591802003415,0.846737402181603,SCHOHARIE,ASIAN
SCHOHARIE WHITE,0.9746255537948358,0.994409172475254,0.9847862561221565,0.9993591802003419,1.0008744468009192,0.9937942636475158,SCHOHARIE,WHITE
SCHOHARIE Multi,1.0707198443579766,0.8976168806548831,1.0866139717924954,0.8467374021816031,0.9937942636475159,1.2631125152812173,SCHOHARIE,Multi
SCHUYLER AM_IND,1.6536510150858306,1.2932166301969366,1.1204493156108484,1.2648980178568574,0.9916162926282187,1.0151586077637051,SCHUYLER,AM_IND
SCHUYLER BLACK,1.2932166301969366,2.1652254029613087,1.4681191903450288,1.2148936702902722,0.9801631394354182,1.037410756179653,SCHUYLER,BLACK
SCHUYLER HISP,1.1204493156108486,1.4681191903450288,1.2040658435828835,1.074452391302525,0.9914644660000999,1.0195249117246175,SCHUYLER,HISP
SCHUYLER ASIAN,1.2648980178568578,1.2148936702902724,1.074452391302525,1.6163206925931246,1.0008673222747557,0.8199338005884006,SCHUYLER,ASIAN
SCHUYLER WHITE,0.9916162926282187,0.9801631394354181,0.9914644660000996,1.0008673222747557,1.0004342308289627,0.99716214620837,SCHUYLER,WHITE
SCHUYLER Multi,1.015158607763705,1.0374107561796533,1.0195249117246172,0.8199338005884006,0.9971621462083702,1.07274468871673,SCHUYLER,Multi
SENECA AM_IND,3.1516354646295013,0.8454076009964899,1.2179105037673899,1.4889477542379694,0.9308266173001254,1.6999839853063117,SENECA,AM_IND
SENECA BLACK,0.8454076009964897,1.45111095876662,1.1639494780026634,1.0945252454416432,0.9732930330227919,1.0777316978835734,SENECA,BLACK
SENECA HISP,1.2179105037673899,1.1639494780026634,1.1550297278006012,1.1116783246316984,0.9733899300513922,1.183370618576707,SENECA,HISP
SENECA ASIAN,1.4889477542379697,1.0945252454416434,1.1116783246316986,1.3663178461788958,0.9681538402939137,1.2641471336371881,SENECA,ASIAN
SENECA WHITE,0.9308266173001255,0.9732930330227921,0.9733899300513925,0.968153840293914,1.0056062432214863,0.9555425917220592,SENECA,WHITE
SENECA Multi,1.699983985306312,1.0777316978835734,1.1833706185767068,1.264147133637188,0.955542591722059,1.4397269011101526,SENECA,Multi
STEUBEN AM_IND,3.1065497531087294,0.9016205988286397,1.1464111438256603,1.5076523768868832,0.9911323858911064,0.8327981341080601,STEUBEN,AM_IND
STEUBEN BLACK,0.9016205988286395,1.630804790760331,1.1204063813728935,1.3890531088816722,0.9740473905507983,1.1759226765705542,STEUBEN,BLACK
STEUBEN HISP,1.1464111438256601,1.120406381372894,1.2875260265446016,1.315538301860287,0.9769632301836388,1.2058895293753915,STEUBEN,HISP
STEUBEN ASIAN,1.5076523768868835,1.3890531088816724,1.3155383018602869,3.5142479545559056,0.9271235161450193,1.4499898820466939,STEUBEN,ASIAN
STEUBEN WHITE,0.9911323858911064,0.9740473905507985,0.9769632301836387,0.9271235161450194,1.0034813181411977,0.9666605092312304,STEUBEN,WHITE
STEUBEN Multi,0.83279813410806,1.1759226765705542,1.205889529375391,1.4499898820466939,0.96666050923123,1.481834900206659,STEUBEN,Multi
SUFFOLK AM_IND,7.45009171980767,1.0969348830402945,1.2019868166380725,0.7649083737649475,0.824399364106536,0.9017007490726247,SUFFOLK,AM_IND
SUFFOLK BLACK,1.0969348830402943,1.9502080045444896,1.256064634669978,0.9890161584125541,0.6443638976084963,1.0990735240780114,SUFFOLK,BLACK
SUFFOLK HISP,1.201986816638072,1.2560646346699778,1.4444161964116595,0.7316941204151308,0.6556303004278456,0.8718904049104895,SUFFOLK,HISP
SUFFOLK ASIAN,0.7649083737649474,0.9890161584125542,0.7316941204151308,1.8982093059057232,1.108517675392396,1.1429449220973638,SUFFOLK,ASIAN
SUFFOLK WHITE,0.8243993641065361,0.6443638976084963,0.6556303004278455,1.108517675392396,1.3059069244302837,1.0456545584967492,SUFFOLK,WHITE
SUFFOLK Multi,0.9017007490726244,1.0990735240780114,0.8718904049104894,1.1429449220973638,1.0456545584967492,1.3634475670700836,SUFFOLK,Multi
SULLIVAN AM_IND,3.106266521283742,0.8902796386858233,1.1951649618214861,0.7479832049393087,0.9046927777411095,0.8463132997160505,SULLIVAN,AM_IND
SULLIVAN BLACK,0.8902796386858234,1.4405931600154067,1.1572959292374498,1.232294063849359,0.7981536424104863,1.1542125971717585,SULLIVAN,BLACK
SULLIVAN HISP,1.1951649618214861,1.15729592923745,1.2477675528253993,1.067736237559463,0.7985800686296597,1.0892585285834862,SULLIVAN,HISP
SULLIVAN ASIAN,0.7479832049393087,1.2322940638493587,1.0677362375594626,1.3881849452120152,0.8868545221493327,1.1775398828363903,SULLIVAN,ASIAN
SULLIVAN WHITE,0.9046927777411096,0.7981536424104864,0.7985800686296596,0.8868545221493327,1.1819696654518337,0.8896579332974052,SULLIVAN,WHITE
SULLIVAN Multi,0.8463132997160505,1.1542125971717585,1.089258528583486,1.1775398828363903,0.8896579332974052,1.1983254270757444,SULLIVAN,Multi
TIOGA AM_IND,2.994499458071261,1.1409630112930074,0.9696036500237457,1.578888491296896,0.9940906146255952,0.9935834920656932,TIOGA,AM_IND
TIOGA BLACK,1.1409630112930074,1.3859182773488095,0.9437606065098132,1.2899149783698693,0.9973944447872521,0.9379665693525943,TIOGA,BLACK
TIOGA HISP,0.9696036500237457,0.9437606065098132,1.149816707873221,0.9138197983002143,0.9972200256551824,1.0327336636100957,TIOGA,HISP
TIOGA ASIAN,1.5788884912968957,1.2899149783698696,0.9138197983002142,1.620285644886018,0.9989577538887161,0.8293317384157584,TIOGA,ASIAN
TIOGA WHITE,0.9940906146255951,0.9973944447872521,0.9972200256551824,0.9989577538887161,1.000255852417411,0.9922491061432674,TIOGA,WHITE
TIOGA Multi,0.9935834920656932,0.9379665693525944,1.0327336636100959,0.8293317384157584,0.9922491061432676,1.4032717175933178,TIOGA,Multi
TOMPKINS AM_IND,3.734660656712134,1.0489163134000064,1.0088049078517047,0.9606158195818579,0.9973901450346624,0.9502878172500521,TOMPKINS,AM_IND
TOMPKINS BLACK,1.0489163134000066,1.8511068351910105,1.2266405688533488,1.355124366586012,0.8950134449538116,1.0394603273582417,TOMPKINS,BLACK
TOMPKINS HISP,1.008804907851705,1.2266405688533486,1.2286555638397874,1.2376422838972323,0.937671316646752,1.085874199053005,TOMPKINS,HISP
TOMPKINS ASIAN,0.9606158195818579,1.3551243665860115,1.2376422838972323,2.2831401962249793,0.8579205454596889,1.0596279812963365,TOMPKINS,ASIAN
TOMPKINS WHITE,0.9973901450346623,0.8950134449538114,0.9376713166467521,0.8579205454596888,1.0264184775617995,0.9678505320488003,TOMPKINS,WHITE
TOMPKINS Multi,0.9502878172500522,1.0394603273582417,1.0858741990530045,1.0596279812963367,0.9678505320488002,1.139098546035711,TOMPKINS,Multi
ULSTER AM_IND,2.6792293479929072,1.0609834348753304,1.007593084313346,1.0929262779317992,0.9813838618359776,1.0290676558077274,ULSTER,AM_IND
ULSTER BLACK,1.0609834348753304,1.3915178886607684,1.1532266084541074,1.0042863085110343,0.8908413136575876,1.1329143145765295,ULSTER,BLACK
ULSTER HISP,1.007593084313346,1.1532266084541076,1.1897797906701124,1.0233232663992027,0.91442388255919,1.0233710432534384,ULSTER,HISP
ULSTER ASIAN,1.092926277931799,1.0042863085110345,1.023323266399203,1.2497112031329456,0.9799535692560262,1.0240223983759256,ULSTER,ASIAN
ULSTER WHITE,0.9813838618359776,0.8908413136575875,0.91442388255919,0.9799535692560257,1.0476309471590772,0.9459336220662996,ULSTER,WHITE
ULSTER Multi,1.0290676558077276,1.132914314576529,1.0233710432534382,1.0240223983759253,0.9459336220662998,1.309208862647207,ULSTER,Multi
WARREN AM_IND,16.00436408032031,0.3123238041880183,0.7274710945600141,0.5435383505346254,1.0428609340536834,0.36903379405632675,WARREN,AM_IND
WARREN BLACK,0.3123238041880183,1.2040378002141532,1.0548612549440606,1.1874462725083355,0.9907503380430662,1.0572791818245455,WARREN,BLACK
WARREN HISP,0.7274710945600141,1.0548612549440606,1.3161801802319713,0.9938569434802106,0.9748470799142839,1.3224758518707875,WARREN,HISP
WARREN ASIAN,0.5435383505346255,1.1874462725083357,0.9938569434802107,1.4172193306040737,0.9973873693174772,0.87767133779132,WARREN,ASIAN
WARREN WHITE,1.0428609340536836,0.9907503380430664,0.9748470799142841,0.9973873693174773,1.0024479313672885,0.9657318542365275,WARREN,WHITE
WARREN Multi,0.36903379405632675,1.0572791818245455,1.3224758518707875,0.8776713377913199,0.9657318542365274,1.5826023998026997,WARREN,Multi
WASHINGTON AM_IND,3.5498526814930056,1.900234945921295,1.0117798782698084,1.5804061248848253,0.9898392165393554,0.5711705480442404,WASHINGTON,AM_IND
WASHINGTON BLACK,1.9002349459212953,1.6401602097088102,0.9606017161354047,1.3971892354555298,0.9931998428242649,0.8416846203977871,WASHINGTON,BLACK
WASHINGTON HISP,1.0117798782698084,0.9606017161354047,1.4078896619807957,0.9804843018837937,0.983486561658966,1.2293638050673517,WASHINGTON,HISP
WASHINGTON ASIAN,1.5804061248848258,1.39718923545553,0.9804843018837938,1.7645995858890193,0.9994535178298249,0.6521699691734828,WASHINGTON,ASIAN
WASHINGTON WHITE,0.9898392165393555,0.9931998428242649,0.983486561658966,0.999453517829825,1.0012326061007402,0.974682600442928,WASHINGTON,WHITE
WASHINGTON Multi,0.5711705480442404,0.841684620397787,1.2293638050673517,0.6521699691734828,0.9746826004429279,1.8988906242440846,WASHINGTON,Multi
WAYNE AM_IND,3.809001209672331,1.0756949357755754,0.9695781923084763,1.1014081506578954,1.0158866696619004,0.6687564756678264,WAYNE,AM_IND
WAYNE BLACK,1.0756949357755756,1.7935115641517636,1.452227692754363,0.707552834640694,0.8984293866243211,1.325941355689618,WAYNE,BLACK
WAYNE HISP,0.9695781923084764,1.452227692754363,1.546644911003205,0.8647912434974336,0.9083719843454655,1.2222776971888458,WAYNE,HISP
WAYNE ASIAN,1.1014081506578957,0.707552834640694,0.8647912434974334,2.2733826686115766,1.029676929513972,0.8300094519260012,WAYNE,ASIAN
WAYNE WHITE,1.0158866696619007,0.898429386624321,0.9083719843454656,1.029676929513972,1.0178558661856534,0.9388316698346163,WAYNE,WHITE
WAYNE Multi,0.6687564756678264,1.325941355689618,1.2222776971888456,0.8300094519260011,0.9388316698346162,1.4045862847511714,WAYNE,Multi
WESTCHESTER AM_IND,3.156822449111411,1.3525452349934597,1.351628663171137,0.7542303412022122,0.6573907005274925,0.6920067314556492,WESTCHESTER,AM_IND
WESTCHESTER BLACK,1.3525452349934595,2.941959917546143,1.1774658898149266,0.5847714376815818,0.41730039723574275,0.6273423266490245,WESTCHESTER,BLACK
WESTCHESTER HISP,1.351628663171137,1.1774658898149264,1.4740667184106502,0.6709799940630208,0.6130544531498997,0.7573173670320389,WESTCHESTER,HISP
WESTCHESTER ASIAN,0.7542303412022122,0.5847714376815817,0.6709799940630207,1.9989788146380765,1.2113594744256795,1.3066465236602645,WESTCHESTER,ASIAN
WESTCHESTER WHITE,0.6573907005274927,0.4173003972357427,0.6130544531499,1.21135947442568,1.4416899730869515,1.2254509912653093,WESTCHESTER,WHITE
WESTCHESTER Multi,0.6920067314556492,0.6273423266490243,0.7573173670320388,1.3066465236602647,1.2254509912653095,1.4317568673022203,WESTCHESTER,Multi
WYOMING AM_IND,2.051950406397234,1.0076650151571227,0.8570590804121315,0.6452757036759678,1.0084655451291558,0.827077222096409,WYOMING,AM_IND
WYOMING BLACK,1.0076650151571225,1.5127960441638097,0.9212541872780567,1.1723305789994072,0.9988069412057747,0.8683501071552077,WYOMING,BLACK
WYOMING HISP,0.8570590804121316,0.9212541872780567,1.1940843406236512,1.247289010454279,0.9881809443725026,1.2081755716417866,WYOMING,HISP
WYOMING ASIAN,0.6452757036759678,1.1723305789994072,1.2472890104542786,1.7655832930324526,0.9815814027076376,1.106231428035434,WYOMING,ASIAN
WYOMING WHITE,1.0084655451291558,0.9988069412057748,0.9881809443725027,0.9815814027076378,1.000884681522884,0.9825881364350603,WYOMING,WHITE
WYOMING Multi,0.8270772220964091,0.8683501071552077,1.2081755716417861,1.1062314280354342,0.9825881364350603,1.6209309427416247,WYOMING,Multi
YATES AM_IND,2.714722720200243,1.6288336321201462,0.9835089227509062,0.97639918904749,0.9948679286455783,1.007208174097429,YATES,AM_IND
YATES BLACK,1.628833632120146,1.930612076378197,0.9924772582732522,0.585839513428494,0.9962431447657173,0.9950265016330926,YATES,BLACK
YATES HISP,0.9835089227509061,0.9924772582732522,1.0333079134775902,0.9031527485386179,0.9985233464387918,1.0134623939660694,YATES,HISP
YATES ASIAN,0.97639918904749,0.5858395134284942,0.9031527485386178,1.8566928495452493,1.0052411151673084,0.9329313417245364,YATES,ASIAN
YATES WHITE,0.9948679286455783,0.9962431447657173,0.9985233464387917,1.0052411151673084,1.000091572770155,0.9994162336477661,YATES,WHITE
YATES Multi,1.0072081740974288,0.9950265016330923,1.0134623939660692,0.9329313417245363,0.999416233647766,1.0086024185791351,YATES,Multi
