,component 1,component 2,component 3,county,demographic
ALBANY AM_IND,0.37139058105471656,0.0891848179155837,-0.22127166875263113,ALBANY,AM_IND
ALBANY BLACK,-0.13450377293085394,0.8865911936486774,-1.0567594168865724,ALBANY,BLACK
ALBANY HISP,-0.5835756720896045,0.22750437416960437,-0.4744266385513758,ALBANY,HISP
ALBANY ASIAN,-0.5210382448661225,-0.3448883720538415,0.43714883042346847,ALBANY,ASIAN
ALBANY WHITE,-0.7894395727815919,-0.9414523279176543,0.28558737161883,ALBANY,WHITE
ALBANY Multi,-0.6700888978190324,-0.28566132668685057,-0.09724184272954271,ALBANY,Multi
ALLEGANY AM_IND,1.4153009134315249,-0.05722263629130751,-0.2717019806126626,ALLEGANY,AM_IND
ALLEGANY BLACK,-0.04614681470177361,-0.054194364695260004,-0.31696524959610384,ALLEGANY,BLACK
ALLEGANY HISP,-0.8171768591999947,0.06286184468728472,0.221792476895785,ALLEGANY,HISP
ALLEGANY ASIAN,-0.6372179662224179,0.3153181709004423,0.850112605524253,ALLEGANY,ASIAN
ALLEGANY WHITE,-0.5941093771062573,-0.35921346107917884,-0.08970528914471124,ALLEGANY,WHITE
ALLEGANY Multi,-1.2041728729699863,-0.44812310662282984,0.045818075190358805,ALLEGANY,Multi
BROOME AM_IND,2.3085096005500088,-0.4213242663822717,-0.09768763580113139,BROOME,AM_IND
BROOME BLACK,-0.6460913787818889,1.0425250776450312,-0.6513205950746238,BROOME,BLACK
BROOME HISP,-0.6730761652724174,0.5083849133002559,-0.4189614678186051,BROOME,HISP
BROOME ASIAN,-0.7795485132910336,0.6194455315206369,1.4081594081366446,BROOME,ASIAN
BROOME WHITE,-0.5866685364622891,-0.7276039154180333,-0.024783464556251793,BROOME,WHITE
BROOME Multi,-0.5332448876451181,0.2789924380734804,-0.2738177973795974,BROOME,Multi
CATTARAUGUS AM_IND,2.75752981767694,-0.5872503341041418,-0.4539558801207634,CATTARAUGUS,AM_IND
CATTARAUGUS BLACK,-1.1976698838209456,1.8603008452453658,-0.21401548452817953,CATTARAUGUS,BLACK
CATTARAUGUS HISP,0.14836279260643073,0.05832204082512744,-0.18902630341979842,CATTARAUGUS,HISP
CATTARAUGUS ASIAN,-1.222561339856618,0.7461716651890304,0.3553107101740632,CATTARAUGUS,ASIAN
CATTARAUGUS WHITE,-0.9180747753060773,-0.40731991503733755,-0.04441721931254993,CATTARAUGUS,WHITE
CATTARAUGUS Multi,0.1706748826201627,0.0492886351145268,-0.0979565418064794,CATTARAUGUS,Multi
CAYUGA AM_IND,1.7803814541625769,-0.5682576040636862,0.03577436049133627,CAYUGA,AM_IND
CAYUGA BLACK,-0.9501552210022657,0.9273915865827743,-0.4497061662620845,CAYUGA,BLACK
CAYUGA HISP,-0.48136307118771726,-0.026042896042410113,-0.15051453077828222,CAYUGA,HISP
CAYUGA ASIAN,-0.6477346299531419,0.015517593555801068,0.2319669712772127,CAYUGA,ASIAN
CAYUGA WHITE,-0.5776446122241664,-0.47973449301166965,-0.03749794904471237,CAYUGA,WHITE
CAYUGA Multi,-0.7876310894622099,0.37216252091679103,-0.32147373976041704,CAYUGA,Multi
CHAUTAUQUA AM_IND,7.753273872096823,-0.944182499193047,-0.03107852487705197,CHAUTAUQUA,AM_IND
CHAUTAUQUA BLACK,-1.0883847568004368,0.41945452307875525,-0.7648283825553285,CHAUTAUQUA,BLACK
CHAUTAUQUA HISP,-0.9579988737706645,0.4712409987625603,-0.8377353818760194,CHAUTAUQUA,HISP
CHAUTAUQUA ASIAN,-1.1232089508487095,0.006031353122231741,1.3711861940919021,CHAUTAUQUA,ASIAN
CHAUTAUQUA WHITE,-0.6219784702645609,-0.5592328258448114,0.10853585126896138,CHAUTAUQUA,WHITE
CHAUTAUQUA Multi,-0.26997995409285214,-0.059814986724252374,-0.18916520348871133,CHAUTAUQUA,Multi
CHEMUNG AM_IND,0.6184897095851444,-0.15392232171866724,-0.2837759806240323,CHEMUNG,AM_IND
CHEMUNG BLACK,-0.3928666237448772,-0.06090106727394705,-0.7502044169044154,CHEMUNG,BLACK
CHEMUNG HISP,-0.45335728276980397,-0.21250052730003657,-0.06339834389263238,CHEMUNG,HISP
CHEMUNG ASIAN,-0.77892306489704,-0.19192442264114684,1.179668754309307,CHEMUNG,ASIAN
CHEMUNG WHITE,-0.6536959153781958,-0.39287853888934327,0.01974830067172891,CHEMUNG,WHITE
CHEMUNG Multi,-0.34274078013913895,-0.23481972102523344,-0.49681986807658296,CHEMUNG,Multi
CHENANGO AM_IND,1.7963247805614997,-0.5599616226481429,0.13299617958721027,CHENANGO,AM_IND
CHENANGO BLACK,-0.9580735502272527,0.37407375369463214,-0.04216254797765641,CHENANGO,BLACK
CHENANGO HISP,-0.5971045782610209,-0.1146044765706409,-0.05697733742574734,CHENANGO,HISP
CHENANGO ASIAN,-0.5968317323058465,0.3348845161313104,0.3959687237481953,CHENANGO,ASIAN
CHENANGO WHITE,-0.6003867319543774,-0.3674538187940464,-0.08422479938078435,CHENANGO,WHITE
CHENANGO Multi,-0.5132208326039838,-0.139997546178201,0.04506671158869747,CHENANGO,Multi
CLINTON AM_IND,0.5394454316178245,0.5239136880127883,0.17554357001319532,CLINTON,AM_IND
CLINTON BLACK,-0.03955222133572839,1.3599424913237583,0.15732752022463456,CLINTON,BLACK
CLINTON HISP,-0.32096727878988074,0.17331776615281394,-0.17851588283669417,CLINTON,HISP
CLINTON ASIAN,-0.057714078194399776,0.990426425946347,0.49619957448765006,CLINTON,ASIAN
CLINTON WHITE,-0.6241541409281048,-0.4038483295225671,-0.08620597132821953,CLINTON,WHITE
CLINTON Multi,-0.40080313476208523,-0.23469014150949688,-0.06984660557294053,CLINTON,Multi
COLUMBIA AM_IND,0.8753391070798027,-0.49864202479431724,-0.004171073108672826,COLUMBIA,AM_IND
COLUMBIA BLACK,-0.7818135972054568,1.7448437658630338,0.5287711315387758,COLUMBIA,BLACK
COLUMBIA HISP,-0.652164221686801,0.2223979119691341,0.04492375722398427,COLUMBIA,HISP
COLUMBIA ASIAN,-0.6511272771440096,1.8027928147852987,0.6143571537254711,COLUMBIA,ASIAN
COLUMBIA WHITE,-0.5397321809525092,-0.7931632661490136,-0.19873062908554937,COLUMBIA,WHITE
COLUMBIA Multi,-0.9392563787463635,0.5706653770474892,0.1304995501505657,COLUMBIA,Multi
CORTLAND AM_IND,4.776379843775535,-0.23389754521149841,-0.2131049847479586,CORTLAND,AM_IND
CORTLAND BLACK,-0.7220020675314441,0.7361333970560704,0.0019146962058462515,CORTLAND,BLACK
CORTLAND HISP,-0.008463187077301995,0.04280749297592807,0.04274342510387458,CORTLAND,HISP
CORTLAND ASIAN,-0.8393458706314199,0.5374344058447893,0.32293650375409916,CORTLAND,ASIAN
CORTLAND WHITE,-0.6197962720126301,-0.4057388241642012,-0.09519849455910782,CORTLAND,WHITE
CORTLAND Multi,-0.6546456894025701,0.37258176444751234,0.19140476311289434,CORTLAND,Multi
DELAWARE AM_IND,4.839969308071384,-0.3440474022436073,-0.27699478577799314,DELAWARE,AM_IND
DELAWARE BLACK,-0.23111504319201842,-0.19478788166965613,-0.26801263089031735,DELAWARE,BLACK
DELAWARE HISP,-0.9983506458858268,0.43770901263824613,0.3869223163323581,DELAWARE,HISP
DELAWARE ASIAN,-0.8340795969863747,0.24575529093104104,0.47565245445425053,DELAWARE,ASIAN
DELAWARE WHITE,-0.5704641110911363,-0.39471067109761787,-0.10668871289578886,DELAWARE,WHITE
DELAWARE Multi,-1.374733803277731,-0.2520195896049221,0.06651001165958627,DELAWARE,Multi
DUTCHESS AM_IND,2.681904862436887,0.3096453938847724,-0.4794256238547838,DUTCHESS,AM_IND
DUTCHESS BLACK,0.13278657364644653,0.702188685259404,-0.7757121042718814,DUTCHESS,BLACK
DUTCHESS HISP,-0.4682460031152557,-0.09983729749948954,-0.3126828350917788,DUTCHESS,HISP
DUTCHESS ASIAN,-0.7652320720681427,-0.26465357727578637,0.48352556659120605,DUTCHESS,ASIAN
DUTCHESS WHITE,-0.8218092538627454,-0.6883520769205222,0.15825931221419956,DUTCHESS,WHITE
DUTCHESS Multi,-0.34433121342070017,-0.11835893602085189,-0.29353771040563975,DUTCHESS,Multi
ERIE AM_IND,11.04834243361613,-0.7721087876748853,0.02600931892206667,ERIE,AM_IND
ERIE BLACK,-0.95474636551192,1.2486557823331175,-0.42598413191014095,ERIE,BLACK
ERIE HISP,-0.8396450048970295,0.6384970832061944,-0.44876470459467493,ERIE,HISP
ERIE ASIAN,-1.0296004938466727,0.7206734846681145,0.5819022567918928,ERIE,ASIAN
ERIE WHITE,-0.5321223159017431,-1.1754011706584098,0.026906573700853847,ERIE,WHITE
ERIE Multi,-0.6910113882128883,-0.20210808536478456,-0.0910541867402718,ERIE,Multi
ESSEX AM_IND,8.651358174069232,1.5172467978412703,0.3258605724242589,ESSEX,AM_IND
ESSEX BLACK,0.2354876023035933,0.6279220478761827,-0.12001962946306044,ESSEX,BLACK
ESSEX HISP,1.0974160427863275,0.6121436002915704,-0.3210113323487972,ESSEX,HISP
ESSEX ASIAN,0.353739998055476,0.2265976068062535,0.4218875036773345,ESSEX,ASIAN
ESSEX WHITE,-0.6397162371761265,-0.38027738883434636,-0.07278774343646219,ESSEX,WHITE
ESSEX Multi,-0.679305094392519,0.6154918639928534,-0.3710977021899626,ESSEX,Multi
FRANKLIN AM_IND,3.8615404319958433,-0.9200697546390592,-0.6779400340830203,FRANKLIN,AM_IND
FRANKLIN BLACK,-1.5731460454575932,0.2572050444765121,-0.6003346243903073,FRANKLIN,BLACK
FRANKLIN HISP,0.25501810619056514,-0.5940097456115778,-0.22065573862817356,FRANKLIN,HISP
FRANKLIN ASIAN,-1.5713217288064905,0.08564124638362235,1.3819531938532057,FRANKLIN,ASIAN
FRANKLIN WHITE,-1.2906822297372456,-0.25336541771585425,0.016495441208410743,FRANKLIN,WHITE
FRANKLIN Multi,0.4156000883493675,-0.47711554153188135,-0.19302527356059979,FRANKLIN,Multi
FULTON AM_IND,1.5925734969450567,-0.10228844855605887,0.10307996455002191,FULTON,AM_IND
FULTON BLACK,-0.7120052088916713,0.3819235310717356,-0.5295124127424785,FULTON,BLACK
FULTON HISP,-0.1569071767738635,0.10902125075167719,-0.22564275988545818,FULTON,HISP
FULTON ASIAN,-0.420146290231869,-0.3369928162670808,0.21672188289104335,FULTON,ASIAN
FULTON WHITE,-0.6424592899973589,-0.4148744395233369,-0.04971117148222739,FULTON,WHITE
FULTON Multi,-0.31576450222420904,0.28773231274790506,-0.3323270869072344,FULTON,Multi
GENESEE AM_IND,1.489629723127208,1.303472503514969,-0.14298481609835237,GENESEE,AM_IND
GENESEE BLACK,0.8597946606367459,1.2550535827520033,-0.2333529778792769,GENESEE,BLACK
GENESEE HISP,-0.1945859521043737,0.15158383231727146,-0.3146788665354752,GENESEE,HISP
GENESEE ASIAN,0.021140609571293045,0.4172509729983631,0.44802603657251305,GENESEE,ASIAN
GENESEE WHITE,-0.7076992018718298,-0.48330753996453313,-0.04661886440593043,GENESEE,WHITE
GENESEE Multi,-0.5647941111116248,0.15369434112270758,-0.2988012863917909,GENESEE,Multi
GREENE AM_IND,2.2790696093865197,-0.20183466020342447,-0.08455645587606132,GREENE,AM_IND
GREENE BLACK,-0.471606632383931,0.6161928476664693,-0.34676800352265813,GREENE,BLACK
GREENE HISP,-0.6047018506880254,0.1342422100860874,-0.029203322785268656,GREENE,HISP
GREENE ASIAN,-0.6365787642756056,0.12878783199431668,0.2990452323034074,GREENE,ASIAN
GREENE WHITE,-0.6053439015622205,-0.4779374734176832,-0.07542426624472129,GREENE,WHITE
GREENE Multi,-0.5637557570001075,0.29402735241974365,-0.11233098903252021,GREENE,Multi
HAMILTON AM_IND,-1.5415990007463996,-1.9160367862092902,-0.8095994171191989,HAMILTON,AM_IND
HAMILTON BLACK,-1.5750458839755088,-0.22668150426315103,-1.233819337136761,HAMILTON,BLACK
HAMILTON HISP,-1.5741167785405077,-0.20418144935224936,-1.2488162966355574,HAMILTON,HISP
HAMILTON ASIAN,-1.5415990007463996,-1.9160367862092902,-0.8095994171191989,HAMILTON,ASIAN
HAMILTON WHITE,-1.574972653769023,-0.8442967291683531,-0.9388043727570428,HAMILTON,WHITE
HAMILTON Multi,-1.5770409013700557,-0.7860520945923019,-0.9521802667520161,HAMILTON,Multi
HERKIMER AM_IND,2.8116391660300075,0.5178658469634903,-0.21383269964750484,HERKIMER,AM_IND
HERKIMER BLACK,0.3416015122461582,0.7282661550835936,-0.19446972484288041,HERKIMER,BLACK
HERKIMER HISP,-0.623551800597964,-0.10486735737853027,-0.040450135173980106,HERKIMER,HISP
HERKIMER ASIAN,-0.45421172390206027,0.369879199246372,0.48983921652972107,HERKIMER,ASIAN
HERKIMER WHITE,-0.6156237670763552,-0.38257460639610946,-0.0837127426797251,HERKIMER,WHITE
HERKIMER Multi,-0.564961019455048,0.03142968764228163,0.07414002171408382,HERKIMER,Multi
JEFFERSON AM_IND,0.6595533459625448,-0.0978565343691088,0.07290527951127995,JEFFERSON,AM_IND
JEFFERSON BLACK,-0.5523185429773202,0.4560208958725863,-0.06170167038316152,JEFFERSON,BLACK
JEFFERSON HISP,-0.4144226954881132,0.33752899097404554,-0.04516113151523111,JEFFERSON,HISP
JEFFERSON ASIAN,-0.3925734156734128,0.3098501654332295,0.16381872136705908,JEFFERSON,ASIAN
JEFFERSON WHITE,-0.6330965724744455,-0.5269593878823028,-0.08351274629394854,JEFFERSON,WHITE
JEFFERSON Multi,-0.570190966248634,0.16366937567019454,-0.12035709405267554,JEFFERSON,Multi
LEWIS AM_IND,4.018033569369285,0.9569929739589453,2.389059666437752,LEWIS,AM_IND
LEWIS BLACK,-0.7051618510687792,-0.027489740195234938,-0.366426862908639,LEWIS,BLACK
LEWIS HISP,-0.5072169782225218,-0.2886527853108559,0.04911499522389951,LEWIS,HISP
LEWIS ASIAN,2.108760275575356,0.6517696318628761,1.8772862061424342,LEWIS,ASIAN
LEWIS WHITE,-0.6111370126822046,-0.3530512458477029,-0.08229908955756093,LEWIS,WHITE
LEWIS Multi,-0.5797007509542508,-0.2500039110778696,-0.184425690096118,LEWIS,Multi
LIVINGSTON AM_IND,3.1461953295130316,0.29581214021256647,0.7525466919998821,LIVINGSTON,AM_IND
LIVINGSTON BLACK,-0.5362628175575552,0.2645902359611376,-0.0668087989564742,LIVINGSTON,BLACK
LIVINGSTON HISP,-0.4209090790931201,0.4788903680430525,-0.047426965628545356,LIVINGSTON,HISP
LIVINGSTON ASIAN,0.30097562782851933,0.4908687739534392,0.5838449269581719,LIVINGSTON,ASIAN
LIVINGSTON WHITE,-0.6276904986516147,-0.4198752261784095,-0.08539021633414329,LIVINGSTON,WHITE
LIVINGSTON Multi,-0.29911917143283606,-0.1999326182535142,-0.041243433690245204,LIVINGSTON,Multi
MADISON AM_IND,2.4407395242977943,-0.3878344283678767,0.27517875305327416,MADISON,AM_IND
MADISON BLACK,-0.8891914910347269,0.46546679326805834,0.02736967006544602,MADISON,BLACK
MADISON HISP,-0.6352545183551322,-0.25759523489807895,-0.0877162403941101,MADISON,HISP
MADISON ASIAN,-0.4550585101162451,0.45000015548611316,0.49188575511344707,MADISON,ASIAN
MADISON WHITE,-0.6418182882475444,-0.36031212866196083,-0.08648637350620468,MADISON,WHITE
MADISON Multi,-0.10346551271176717,-0.3344991315385789,-0.06098452838122626,MADISON,Multi
MONROE AM_IND,1.0826568096400102,-0.15961756429631246,-0.2395610712015595,MONROE,AM_IND
MONROE BLACK,-0.3693240875183593,0.6164490029676251,-1.0305718629659408,MONROE,BLACK
MONROE HISP,-0.5213542652479665,0.1916159264099901,-0.7175509629333743,MONROE,HISP
MONROE ASIAN,-0.7242711308472437,0.010103663315932987,1.3170246915194008,MONROE,ASIAN
MONROE WHITE,-0.7138583221052938,-0.946726622079705,0.3925775652831038,MONROE,WHITE
MONROE Multi,-0.6072341691313579,-0.5234792833731088,0.3668210610313035,MONROE,Multi
MONTGOMERY AM_IND,3.3326083095410675,0.9635218501736521,-0.2622961896004645,MONTGOMERY,AM_IND
MONTGOMERY BLACK,0.33567700770112074,0.47791580491253477,-0.1434857963954013,MONTGOMERY,BLACK
MONTGOMERY HISP,0.14436651313763063,0.6829961821878625,-0.09233265736024712,MONTGOMERY,HISP
MONTGOMERY ASIAN,-0.2388391476220169,0.3057927330609997,0.04234226070374681,MONTGOMERY,ASIAN
MONTGOMERY WHITE,-0.9636202310869736,-0.8418960489946984,-0.06394533263206215,MONTGOMERY,WHITE
MONTGOMERY Multi,-0.47878116831007855,0.1250777899268685,-0.15076190420304014,MONTGOMERY,Multi
NASSAU AM_IND,5.533947402642654,0.14288161739767333,-0.5794127046127981,NASSAU,AM_IND
NASSAU BLACK,-0.1593351289478524,1.265946338166047,-1.5112993416264497,NASSAU,BLACK
NASSAU HISP,-0.05811055019527599,0.17992003642431592,-0.8470675851456422,NASSAU,HISP
NASSAU ASIAN,-0.9371502019953981,-0.23995274779544426,1.1679383135572343,NASSAU,ASIAN
NASSAU WHITE,-0.9454445757054729,-1.116881522212506,0.28385769418331325,NASSAU,WHITE
NASSAU Multi,-0.8107147228718438,-0.5253713927425175,0.15902464608519862,NASSAU,Multi
NYC CENTRAL OFFICE AM_IND,1.1061787728458043,-0.27385729605980547,-0.08001619097875051,NYC CENTRAL OFFICE,AM_IND
NYC CENTRAL OFFICE BLACK,-0.5018403186270984,-0.31589852251415057,-0.3191779239969384,NYC CENTRAL OFFICE,BLACK
NYC CENTRAL OFFICE HISP,-0.6858383848425087,-0.3570846984871913,-0.2666546226642123,NYC CENTRAL OFFICE,HISP
NYC CENTRAL OFFICE ASIAN,-0.5576398183493226,-0.2514856003741945,0.6336537041588959,NYC CENTRAL OFFICE,ASIAN
NYC CENTRAL OFFICE WHITE,-0.782812307278684,-0.44831404918635864,0.5789332127421586,NYC CENTRAL OFFICE,WHITE
NYC CENTRAL OFFICE Multi,-0.9520164126322661,-0.3624591895541692,0.5433500017020312,NYC CENTRAL OFFICE,Multi
NEW YORK AM_IND,0.6846377916793039,-0.08977449750945839,-0.5153722572480266,NEW YORK,AM_IND
NEW YORK BLACK,-0.14705299582009454,0.050857182954065765,-1.015089062931548,NEW YORK,BLACK
NEW YORK HISP,-0.6159749101653978,-0.43995946961146215,-0.6884055568922411,NEW YORK,HISP
NEW YORK ASIAN,-0.8878681824199672,0.0003032888889836687,2.133792250970699,NEW YORK,ASIAN
NEW YORK WHITE,-0.9521758972842401,-0.8312489077072426,1.0445799736129868,NEW YORK,WHITE
NEW YORK Multi,-0.834787724773144,-0.5786684738846283,0.8343869100863793,NEW YORK,Multi
BRONX AM_IND,0.5361007202947186,-0.17710899368541327,0.15742261311881722,BRONX,AM_IND
BRONX BLACK,-0.531967847505065,-0.19423669865661566,-0.5769030226785421,BRONX,BLACK
BRONX HISP,-0.6462623901113493,-0.5018291112421828,-0.3467691417913498,BRONX,HISP
BRONX ASIAN,-0.43666573674507586,0.8487114477799274,3.6706995624723695,BRONX,ASIAN
BRONX WHITE,-0.7169415906089631,-0.4474668093269146,2.2727998995699683,BRONX,WHITE
BRONX Multi,-0.6533658943711157,-0.10439487793723956,0.9099608711474443,BRONX,Multi
KINGS AM_IND,0.42024219993959333,-0.18394572216394367,-0.5161796859784632,KINGS,AM_IND
KINGS BLACK,-0.23196601566636418,0.007353354312323696,-1.1348030224076986,KINGS,BLACK
KINGS HISP,-0.6573996908852803,-0.4148129946818535,-0.3238080685132111,KINGS,HISP
KINGS ASIAN,-0.9021112297908538,-0.38675761917940166,1.4513280352106304,KINGS,ASIAN
KINGS WHITE,-0.9374780515489106,-0.857817727838969,0.8857291548336734,KINGS,WHITE
KINGS Multi,-0.7772272302025076,-0.510094105434149,0.24888360247273567,KINGS,Multi
QUEENS AM_IND,2.606808906155991,0.05033146736883302,-0.2525258139474043,QUEENS,AM_IND
QUEENS BLACK,-0.15295041848340077,0.9712270022133747,-1.304612751827159,QUEENS,BLACK
QUEENS HISP,-0.8109378743684458,-0.5940221185799996,-0.24737094713912727,QUEENS,HISP
QUEENS ASIAN,-0.5786134460760064,-0.4896155855488649,0.5847701336707851,QUEENS,ASIAN
QUEENS WHITE,-1.0932644283267994,-1.029371238355969,0.6085534105249208,QUEENS,WHITE
QUEENS Multi,-0.6271521364543104,-0.37610327786200276,0.2627196154723815,QUEENS,Multi
RICHMOND AM_IND,-0.10786795563077399,0.004302270663057855,-0.46470946161133647,RICHMOND,AM_IND
RICHMOND BLACK,-0.17419211713898355,0.5610825396917618,-1.0238325648707352,RICHMOND,BLACK
RICHMOND HISP,-0.41275687860219784,0.021424885491206587,-0.5208893278347442,RICHMOND,HISP
RICHMOND ASIAN,-0.7817034797505049,-0.46874061060258077,0.6287011406047793,RICHMOND,ASIAN
RICHMOND WHITE,-0.8077759723433385,-0.8666218454942044,0.31445211830744396,RICHMOND,WHITE
RICHMOND Multi,-0.6083720703161972,-0.20832289496551362,-0.1660104086749946,RICHMOND,Multi
NIAGARA AM_IND,8.418773367460949,-0.02345268830478478,0.21853245367660726,NIAGARA,AM_IND
NIAGARA BLACK,-0.5258624666025478,1.5570279767521396,-0.568837249771828,NIAGARA,BLACK
NIAGARA HISP,-0.7043470909448045,0.3092315238062691,-0.1693852178482676,NIAGARA,HISP
NIAGARA ASIAN,-0.44536953806144636,0.5908826249466653,0.67409394594171,NIAGARA,ASIAN
NIAGARA WHITE,-0.8359080098470649,-0.831065811121149,0.01082125296855565,NIAGARA,WHITE
NIAGARA Multi,-0.2618517732984531,0.47895545451115146,-0.2670454809944999,NIAGARA,Multi
ONEIDA AM_IND,0.8916636945756453,0.5023652150350345,-0.11833724956547667,ONEIDA,AM_IND
ONEIDA BLACK,0.0045676337472796225,1.768181252912885,0.27689798425400064,ONEIDA,BLACK
ONEIDA HISP,-0.2517147569637511,1.2373635497390165,0.181929810911246,ONEIDA,HISP
ONEIDA ASIAN,-0.3176467600769406,1.9653415597975339,0.6194721873003884,ONEIDA,ASIAN
ONEIDA WHITE,-0.7721532889240456,-1.1597658993368014,-0.24449901479879202,ONEIDA,WHITE
ONEIDA Multi,-0.4795248858767013,0.5061605522860689,0.06834716160139613,ONEIDA,Multi
ONONDAGA AM_IND,18.874661694284814,-0.32507694893234684,0.09709961968894196,ONONDAGA,AM_IND
ONONDAGA BLACK,-0.669583373107514,1.063551220485733,-0.7047493577440813,ONONDAGA,BLACK
ONONDAGA HISP,-0.791802703301711,0.4570320816507035,-0.5428826221279813,ONONDAGA,HISP
ONONDAGA ASIAN,-0.8840682514624554,0.273380646109969,0.758965821672596,ONONDAGA,ASIAN
ONONDAGA WHITE,-0.8810501876856598,-0.9689950815396967,0.11941806276219524,ONONDAGA,WHITE
ONONDAGA Multi,-0.8073609762670193,-0.04701317645404465,-0.14655055985614518,ONONDAGA,Multi
ONTARIO AM_IND,0.866854664299477,-0.6879588779676212,0.379858115432253,ONTARIO,AM_IND
ONTARIO BLACK,-1.0226559336940693,1.6243120828959414,-0.756969455176401,ONTARIO,BLACK
ONTARIO HISP,-0.9694941679550784,1.1541284983790214,-0.6731971387772402,ONTARIO,HISP
ONTARIO ASIAN,-0.3720009500768753,0.03157380016996819,0.12679495312710073,ONTARIO,ASIAN
ONTARIO WHITE,-0.53859974913146,-0.6490368935496789,0.02971449298106723,ONTARIO,WHITE
ONTARIO Multi,-0.7092230410988628,0.5323758475627683,-0.34670529937995515,ONTARIO,Multi
ORANGE AM_IND,0.23734781321628162,-0.42438545928431826,0.011889271489122962,ORANGE,AM_IND
ORANGE BLACK,-0.6591981754302854,0.04379330019173675,-0.3543551519480026,ORANGE,BLACK
ORANGE HISP,-0.6764659581230426,-0.020488279213030793,-0.277673031163715,ORANGE,HISP
ORANGE ASIAN,-0.596000443520084,-0.19681875437434865,0.23818372596538812,ORANGE,ASIAN
ORANGE WHITE,-0.5183918754860669,-0.7239116760217112,0.14453659704923852,ORANGE,WHITE
ORANGE Multi,-0.6055152182270425,-0.24779772464733965,-0.1501238345786181,ORANGE,Multi
ORLEANS AM_IND,-0.08992802145473335,0.010753480460156568,-0.11550713866911796,ORLEANS,AM_IND
ORLEANS BLACK,-0.27210971797017036,0.52962801007223,-0.15921182446134513,ORLEANS,BLACK
ORLEANS HISP,-0.49300135435387754,-0.07335840175260862,-0.10644210849582911,ORLEANS,HISP
ORLEANS ASIAN,-0.4721782036191896,0.13033357278878185,0.0316808845536361,ORLEANS,ASIAN
ORLEANS WHITE,-0.6292354283302715,-0.41125612054243665,-0.06705105173555799,ORLEANS,WHITE
ORLEANS Multi,-0.6823692252186686,-0.8208469293267356,-0.1051883275866827,ORLEANS,Multi
OSWEGO AM_IND,0.2672811794741889,-0.3843307647585089,-0.12293164824788509,OSWEGO,AM_IND
OSWEGO BLACK,-0.6391236574494931,0.28754349177665417,0.006497904837614895,OSWEGO,BLACK
OSWEGO HISP,-0.5868200876921211,0.18248046066316048,-0.1162459312137055,OSWEGO,HISP
OSWEGO ASIAN,-0.7172605724657144,0.4554231632525504,0.5755403571050279,OSWEGO,ASIAN
OSWEGO WHITE,-0.6010991886633772,-0.37535824887208313,-0.07979922967190411,OSWEGO,WHITE
OSWEGO Multi,-0.5018449638173331,-0.19180842870067585,-0.07453821150302106,OSWEGO,Multi
OTSEGO AM_IND,10.02627100502962,0.7782023145408511,0.025790614361382337,OTSEGO,AM_IND
OTSEGO BLACK,0.006673033819106658,0.9742432287794053,-0.21608331510664097,OTSEGO,BLACK
OTSEGO HISP,0.21080711212959147,0.32544487782743314,-0.16758866725958677,OTSEGO,HISP
OTSEGO ASIAN,-0.3859080002327183,0.5019207238459489,0.5191946515044173,OTSEGO,ASIAN
OTSEGO WHITE,-0.6852340439838722,-0.4414042365234753,-0.07944345131900146,OTSEGO,WHITE
OTSEGO Multi,0.0540370241198934,-0.0715415344541273,-0.1513746051537144,OTSEGO,Multi
PUTNAM AM_IND,-0.015926918830586143,-0.1887711563191652,-0.12488118052784714,PUTNAM,AM_IND
PUTNAM BLACK,-0.4521555183172776,-0.25173432291047304,-0.11617743353130917,PUTNAM,BLACK
PUTNAM HISP,-0.5407652937885888,-0.2589822594242988,-0.11596228145938216,PUTNAM,HISP
PUTNAM ASIAN,-0.5820466353237673,-0.27776205188618264,0.02004064025508008,PUTNAM,ASIAN
PUTNAM WHITE,-0.6342469584137844,-0.3925836700146421,-0.0573080429466542,PUTNAM,WHITE
PUTNAM Multi,-0.6008439183835416,-0.34441726236626036,-0.09281478166694453,PUTNAM,Multi
RENSSELAER AM_IND,0.970598252934599,0.1866898941697033,-0.03976638152487649,RENSSELAER,AM_IND
RENSSELAER BLACK,-0.1945901942270212,1.3113281502763543,-1.1261972648114826,RENSSELAER,BLACK
RENSSELAER HISP,-0.42229954908217954,0.6311238212478734,-0.5950039628463505,RENSSELAER,HISP
RENSSELAER ASIAN,-0.37833776615602877,0.3748082681580955,1.6064549826944674,RENSSELAER,ASIAN
RENSSELAER WHITE,-0.6917149763341406,-0.829153739088571,0.10673532523593177,RENSSELAER,WHITE
RENSSELAER Multi,-0.6690465996162387,0.23206559652717984,-0.19109789378575306,RENSSELAER,Multi
ROCKLAND AM_IND,0.9913915950395451,-0.24389308997353096,-0.12319253886698069,ROCKLAND,AM_IND
ROCKLAND BLACK,-0.5409892104193794,-0.03492312952069791,-0.621702178584743,ROCKLAND,BLACK
ROCKLAND HISP,-0.4895443743692767,-0.1541771806394576,-0.5436162219527975,ROCKLAND,HISP
ROCKLAND ASIAN,-0.6155866035592368,-0.4278247174639527,0.5898137638432658,ROCKLAND,ASIAN
ROCKLAND WHITE,-0.753098213160511,-0.6673783516528475,0.5519889976718292,ROCKLAND,WHITE
ROCKLAND Multi,-0.7104017123438129,-0.49916286249334674,0.4007509107683063,ROCKLAND,Multi
SAINT LAWRENCE AM_IND,3.4199349558888352,0.3989439361204686,-0.36435873445104866,SAINT LAWRENCE,AM_IND
SAINT LAWRENCE BLACK,0.3090105407304587,0.4585696921935622,-0.021761570080336246,SAINT LAWRENCE,BLACK
SAINT LAWRENCE HISP,-0.6434779458106263,0.0778059492711661,0.11361151918055101,SAINT LAWRENCE,HISP
SAINT LAWRENCE ASIAN,-0.6213534950050832,0.7456639324897512,0.8601611933345289,SAINT LAWRENCE,ASIAN
SAINT LAWRENCE WHITE,-0.6923164984444236,-0.38599471095768917,-0.08528498021026211,SAINT LAWRENCE,WHITE
SAINT LAWRENCE Multi,-0.8068276717469823,-0.16586990446599478,0.11355277778793234,SAINT LAWRENCE,Multi
SARATOGA AM_IND,3.13808348330039,-0.7428621192650349,-0.4638375797341547,SARATOGA,AM_IND
SARATOGA BLACK,-0.7392203206445187,0.23531227812658378,0.14042404041256035,SARATOGA,BLACK
SARATOGA HISP,-0.6687164538377303,0.07949973655768461,0.098920781785299,SARATOGA,HISP
SARATOGA ASIAN,-1.250750904500843,0.8406403856232074,0.8792767833979355,SARATOGA,ASIAN
SARATOGA WHITE,-0.5462671942644178,-0.46011558137267583,-0.14844811678697287,SARATOGA,WHITE
SARATOGA Multi,-0.8134421283621989,-0.002078304976311557,0.04423977744520116,SARATOGA,Multi
SCHENECTADY AM_IND,0.6858437700150806,-0.7757430811401157,-0.09115262955507675,SCHENECTADY,AM_IND
SCHENECTADY BLACK,-0.8796757014381617,0.680015453507982,-0.18691249428077894,SCHENECTADY,BLACK
SCHENECTADY HISP,-0.7903556675800746,0.33617685759042293,-0.15582244751788715,SCHENECTADY,HISP
SCHENECTADY ASIAN,-0.8891305538117005,0.3985134377218508,0.037987685705465186,SCHENECTADY,ASIAN
SCHENECTADY WHITE,-0.39167168736571556,-1.0591722741897829,-0.05181633236042677,SCHENECTADY,WHITE
SCHENECTADY Multi,-0.6080297188024001,0.04145239828010749,-0.10342347244309097,SCHENECTADY,Multi
SCHOHARIE AM_IND,5.526578530879389,0.5637912741292261,-0.010670812242472228,SCHOHARIE,AM_IND
SCHOHARIE BLACK,0.18580390217153156,-0.02278174106798581,-0.14844206797741122,SCHOHARIE,BLACK
SCHOHARIE HISP,-0.4063463592621755,-0.19270720946054057,-0.15453098996264988,SCHOHARIE,HISP
SCHOHARIE ASIAN,-0.307163329542962,-0.08025477835749842,0.3108354666586807,SCHOHARIE,ASIAN
SCHOHARIE WHITE,-0.6220585003235243,-0.353764981179426,-0.07347524182743531,SCHOHARIE,WHITE
SCHOHARIE Multi,-0.5265407092358027,-0.42607233691238316,-0.15914589227215778,SCHOHARIE,Multi
SCHUYLER AM_IND,0.04959963698473876,0.06437634483763703,0.031540538230830084,SCHUYLER,AM_IND
SCHUYLER BLACK,-0.31330255522822414,0.8448811969088977,-0.40758623075553274,SCHUYLER,BLACK
SCHUYLER HISP,-0.47993927651966883,0.13575447969243595,-0.2222022346996154,SCHUYLER,HISP
SCHUYLER ASIAN,-0.342505282593518,0.11990994320815396,0.34317520512883837,SCHUYLER,ASIAN
SCHUYLER WHITE,-0.6050234366896036,-0.3608950516805689,-0.06742843553647042,SCHUYLER,WHITE
SCHUYLER Multi,-0.579274628395243,-0.3803421268028347,-0.24090755119201507,SCHUYLER,Multi
SENECA AM_IND,1.533254711219413,-0.02666993591999213,0.4528109550187341,SENECA,AM_IND
SENECA BLACK,-0.756299812150219,0.12407672876350959,-0.19842486232910173,SENECA,BLACK
SENECA HISP,-0.38453470480348056,-0.07557203375304103,-0.056097383372205184,SENECA,HISP
SENECA ASIAN,-0.12038868591915902,-0.012176281043171547,0.20598978871726326,SENECA,ASIAN
SENECA WHITE,-0.6644297877746057,-0.3950298940545227,-0.0932306402845861,SENECA,WHITE
SENECA Multi,0.09007981491609736,-0.019523764929084926,0.13049324954068056,SENECA,Multi
STEUBEN AM_IND,1.502954806024211,-0.12016733223358998,0.3964606896295794,STEUBEN,AM_IND
STEUBEN BLACK,-0.7098310836788355,0.3971702047191997,0.002720040388938757,STEUBEN,BLACK
STEUBEN HISP,-0.45955721847834063,0.036326077549913696,0.11232865067202237,STEUBEN,HISP
STEUBEN ASIAN,-0.1508332236532248,1.3241583190491097,1.8911322226343033,STEUBEN,ASIAN
STEUBEN WHITE,-0.603454104194351,-0.4097577975324985,-0.1272381168526709,STEUBEN,WHITE
STEUBEN Multi,-0.7820452588397544,0.1440031319968676,0.23524004624130412,STEUBEN,Multi
SUFFOLK AM_IND,5.859883995820062,-0.20318452689115094,-0.2635334761240323,SUFFOLK,AM_IND
SUFFOLK BLACK,-0.5011627688132235,0.5583285083149995,-0.586349763763607,SUFFOLK,BLACK
SUFFOLK HISP,-0.3803459586671292,-0.0578000465324532,-0.592396097578357,SUFFOLK,HISP
SUFFOLK ASIAN,-0.8569404085417637,-0.03522981619517478,0.7788791692590799,SUFFOLK,ASIAN
SUFFOLK WHITE,-0.7798385828853023,-0.7444062430674565,0.3040776867095466,SUFFOLK,WHITE
SUFFOLK Multi,-0.7073598802187504,-0.21033972169729923,0.07569877143247225,SUFFOLK,Multi
SULLIVAN AM_IND,1.5201755538287507,-0.4485652827771278,-0.27915046004445115,SULLIVAN,AM_IND
SULLIVAN BLACK,-0.7133505967848932,0.21842752552572872,-0.12287256469147478,SULLIVAN,BLACK
SULLIVAN HISP,-0.40130125800730587,-0.048309555463625316,-0.1709614139430517,SULLIVAN,HISP
SULLIVAN ASIAN,-0.8598093595123911,0.08245467215379336,0.12983842870626702,SULLIVAN,ASIAN
SULLIVAN WHITE,-0.690108098277038,-0.6726394545550484,-0.01815757462020944,SULLIVAN,WHITE
SULLIVAN Multi,-0.7568248921356846,-0.06492717981896236,-0.018522195068964364,SULLIVAN,Multi
TIOGA AM_IND,1.383373331816335,0.05074465610527557,0.4110290595132894,TIOGA,AM_IND
TIOGA BLACK,-0.46380868294040395,0.06517749429280305,0.03117441974493098,TIOGA,BLACK
TIOGA HISP,-0.6244391427512908,-0.3661974434275807,-0.15314579406609735,TIOGA,HISP
TIOGA ASIAN,-0.03059944058838278,0.1256121347982949,0.35350567019037854,TIOGA,ASIAN
TIOGA WHITE,-0.6024880615783587,-0.34687133449561736,-0.07696361322465277,TIOGA,WHITE
TIOGA Multi,-0.6066387568649286,-0.4061953972302463,-0.16893637952956156,TIOGA,Multi
TOMPKINS AM_IND,2.137935399755758,-0.29116318788531387,-0.07269140305877698,TOMPKINS,AM_IND
TOMPKINS BLACK,-0.5588555070238569,0.5897997449827082,-0.16115991686182943,TOMPKINS,BLACK
TOMPKINS HISP,-0.5936830365267638,0.05049717303111785,-0.010330522413032409,TOMPKINS,HISP
TOMPKINS ASIAN,-0.6631830771146459,0.6511368694107994,0.8000188233821027,TOMPKINS,ASIAN
TOMPKINS WHITE,-0.595824091961353,-0.5215454863264652,-0.14222290829331166,TOMPKINS,WHITE
TOMPKINS Multi,-0.6496061488325011,-0.22970977196335818,-0.053795545339079445,TOMPKINS,Multi
ULSTER AM_IND,1.078895277046236,-0.22108527412706905,0.013556237449082475,ULSTER,AM_IND
ULSTER BLACK,-0.5385052644954225,0.055851211134630416,-0.26661316362800097,ULSTER,BLACK
ULSTER HISP,-0.5885771360743428,-0.12447384156823918,-0.17143970016705348,ULSTER,HISP
ULSTER ASIAN,-0.5092162532206465,-0.20610740154546017,0.12798983270462155,ULSTER,ASIAN
ULSTER WHITE,-0.6144220662102761,-0.48308889817891726,-0.028721915417938216,ULSTER,WHITE
ULSTER Multi,-0.5742094030895531,-0.17121116503579747,-0.09747958175825112,ULSTER,Multi
WARREN AM_IND,14.423245815058895,-1.0873604938095682,0.13929915310199326,WARREN,AM_IND
WARREN BLACK,-1.289997490155785,-0.07641272997333884,-0.016729928527278955,WARREN,BLACK
WARREN HISP,-0.873028514256702,-0.14417555248337743,-0.14078823706899513,WARREN,HISP
WARREN ASIAN,-1.0607028263506986,-0.025325798046000724,0.18582954799548146,WARREN,ASIAN
WARREN WHITE,-0.5533413895597475,-0.3641249769811565,-0.0726401430160443,WARREN,WHITE
WARREN Multi,-1.2337140967588895,-0.1646402290147908,-0.22823959495999954,WARREN,Multi
WASHINGTON AM_IND,1.941793497871642,0.6094666939429921,0.09209855623353332,WASHINGTON,AM_IND
WASHINGTON BLACK,0.29307998740009145,0.3163569953814986,0.031207240814048846,WASHINGTON,BLACK
WASHINGTON HISP,-0.5856007884678756,-0.19887202809571664,-0.13204081421868297,WASHINGTON,HISP
WASHINGTON ASIAN,-0.028948984514897483,0.27852351553253357,0.40805449301295427,WASHINGTON,ASIAN
WASHINGTON WHITE,-0.6064888756892735,-0.3573936836066784,-0.07404776059081368,WASHINGTON,WHITE
WASHINGTON Multi,-1.0324012390603532,-0.4308109383934469,-0.28593566549878463,WASHINGTON,Multi
WAYNE AM_IND,2.21401094745593,-0.25669820934190957,0.024779724304487827,WAYNE,AM_IND
WAYNE BLACK,-0.5219807710617088,0.36221720516036926,-0.7001821268081483,WAYNE,BLACK
WAYNE HISP,-0.6264809994721742,0.19063667790488908,-0.46378344841373076,WAYNE,HISP
WAYNE ASIAN,-0.5184823828113014,-0.0495526558210759,1.1341888041283983,WAYNE,ASIAN
WAYNE WHITE,-0.5805264483845514,-0.4515188221231505,0.0025393465173667125,WAYNE,WHITE
WAYNE Multi,-0.931851529368131,-0.02998561514384821,-0.37053173368559306,WAYNE,Multi
WESTCHESTER AM_IND,1.5750634015098883,-0.0054298595831010175,-0.5648572608011598,WESTCHESTER,AM_IND
WESTCHESTER BLACK,-0.23203592031902132,1.0917476805953314,-1.3978906638433382,WESTCHESTER,BLACK
WESTCHESTER HISP,-0.22591080200434865,-0.14091291502910233,-0.6402415759960933,WESTCHESTER,HISP
WESTCHESTER ASIAN,-0.8720788953750176,-0.32112878424599556,1.0738974753517043,WESTCHESTER,ASIAN
WESTCHESTER WHITE,-0.9531262648462429,-0.8912405699349955,0.5395059994954449,WESTCHESTER,WHITE
WESTCHESTER Multi,-0.9218965333871545,-0.5668687619682012,0.46935169332295185,WESTCHESTER,Multi
WYOMING AM_IND,0.4643010612432251,-0.5648017400740148,-0.34593971185899935,WYOMING,AM_IND
WYOMING BLACK,-0.5942288710635392,0.08952018605993747,-0.12164206224451053,WYOMING,BLACK
WYOMING HISP,-0.7468129282055291,-0.18953208913362488,0.14215342948719661,WYOMING,HISP
WYOMING ASIAN,-0.9687190696209983,0.2520915633281167,0.46286513100908766,WYOMING,ASIAN
WYOMING WHITE,-0.587647898629167,-0.35837569152604426,-0.09108776267552288,WYOMING,WHITE
WYOMING Multi,-0.7812941646472206,-0.23900032112407235,0.07593675243428302,WYOMING,Multi
YATES AM_IND,1.1130205953240506,0.15023754922294696,-0.29136804757552687,YATES,AM_IND
YATES BLACK,0.03424818660951198,0.18946360831276296,-0.7637458376568933,YATES,BLACK
YATES HISP,-0.6111282675754459,-0.37917592294115476,-0.16154687983857433,YATES,HISP
YATES ASIAN,-0.6351364171005558,-0.308377626661808,0.818209217792571,YATES,ASIAN
YATES WHITE,-0.601964646298486,-0.34341460854264466,-0.0707768030620694,YATES,WHITE
YATES Multi,-0.5881518484274708,-0.3711379895738789,-0.13341395338027817,YATES,Multi
